date,tavg,tmin,tmax,prcp,wdir,wspd,pres
2021-01-01,20.6,16.6,25.3,0.5,,,
2021-01-02,20.9,16.6,26.0,0.4,74.0,11.3,1014.5
2021-01-03,21.9,18.8,26.0,0.0,86.0,12.0,1013.0
2021-01-04,20.8,18.6,27.6,0.0,84.0,10.8,1013.1
2021-01-05,21.9,18.7,26.2,0.0,83.0,10.9,1013.9
2021-01-06,21.2,20.0,27.3,7.5,97.0,8.2,1013.3
2021-01-07,21.6,19.1,25.4,0.8,93.0,10.0,1011.5
2021-01-08,22.3,20.0,27.0,9.0,90.0,9.4,1011.2
2021-01-09,21.4,18.8,27.0,0.0,84.0,9.6,1012.0
2021-01-10,22.2,18.6,26.2,0.0,76.0,8.6,1012.7
2021-01-11,21.6,18.2,26.9,0.0,46.0,8.6,1013.7
2021-01-12,20.4,18.2,25.4,0.0,54.0,12.3,1013.4
2021-01-13,21.3,16.8,26.3,0.0,57.0,11.3,1013.3
2021-01-14,20.8,16.4,27.7,0.2,75.0,11.3,1013.3
2021-01-15,21.8,17.3,26.3,0.0,94.0,9.9,1012.7
2021-01-16,22.2,18.1,27.4,0.0,100.0,9.4,1012.0
2021-01-17,22.2,17.0,29.2,0.0,84.0,8.4,1013.1
2021-01-18,21.8,15.5,29.6,0.0,75.0,9.6,1014.2
2021-01-19,21.8,16.1,28.8,0.0,55.0,6.5,1014.0
2021-01-20,22.7,16.0,28.4,0.0,73.0,6.4,1014.2
2021-01-21,23.8,17.0,31.1,0.0,67.0,5.0,1013.8
2021-01-22,23.8,18.4,31.1,0.1,74.0,7.0,1013.5
2021-01-23,22.5,18.0,30.3,0.0,81.0,8.9,1014.0
2021-01-24,21.9,17.0,29.2,0.0,87.0,7.4,1014.5
2021-01-25,21.6,16.3,29.5,0.0,94.0,7.9,1015.1
2021-01-26,21.9,15.4,29.4,0.0,73.0,7.1,1014.2
2021-01-27,21.7,15.4,30.8,0.0,82.0,9.2,1014.6
2021-01-28,21.6,16.0,30.2,0.0,88.0,10.5,1015.1
2021-01-29,22.4,18.0,28.4,0.0,83.0,9.5,1015.4
2021-01-30,22.8,17.4,29.3,0.0,78.0,9.3,1014.5
2021-01-31,22.7,17.2,29.8,0.0,89.0,10.8,1014.6
2021-02-01,22.8,16.8,30.1,0.0,70.0,10.7,1016.4
2021-02-02,22.1,16.8,29.6,0.0,78.0,11.6,1016.9
2021-02-03,21.8,17.9,28.6,0.0,85.0,11.1,1016.1
2021-02-04,22.1,16.1,28.5,0.0,85.0,9.6,1015.8
2021-02-05,22.2,15.4,29.4,0.0,65.0,8.7,1015.0
2021-02-06,22.4,15.6,30.4,0.0,71.0,10.2,1014.1
2021-02-07,22.3,15.0,30.4,0.0,68.0,10.0,1014.7
2021-02-08,22.1,16.1,30.1,0.0,72.0,10.4,1015.5
2021-02-09,20.6,14.9,29.8,0.0,85.0,10.3,1015.0
2021-02-10,21.7,14.4,28.6,0.0,85.0,9.0,1013.7
2021-02-11,20.3,13.5,28.1,0.0,91.0,10.8,1013.2
2021-02-12,20.7,12.2,28.9,0.0,81.0,11.5,1013.6
2021-02-13,20.6,13.0,29.8,0.0,80.0,9.8,1014.7
2021-02-14,23.0,16.2,31.0,0.0,56.0,6.5,1014.4
2021-02-15,24.0,17.9,31.5,0.0,44.0,6.4,1013.2
2021-02-16,23.9,18.4,32.0,0.0,94.0,7.4,1013.0
2021-02-17,23.8,18.4,31.4,0.0,88.0,8.1,1012.5
2021-02-18,22.8,18.0,31.2,0.1,101.0,10.0,1013.8
2021-02-19,22.8,18.2,29.3,1.7,68.0,10.2,1015.1
2021-02-20,19.8,16.8,24.5,4.2,73.0,11.4,1014.9
2021-02-21,20.6,17.1,24.2,4.7,87.0,11.8,1015.6
2021-02-22,22.8,18.1,28.0,0.4,85.0,8.8,1016.0
2021-02-23,24.5,18.2,30.4,0.0,73.0,8.1,1014.3
2021-02-24,24.4,18.0,31.1,0.0,83.0,7.7,1013.5
2021-02-25,25.3,17.4,32.0,0.0,50.0,6.2,1013.0
2021-02-26,25.8,18.4,33.0,0.0,41.0,5.9,1011.8
2021-02-27,26.2,19.0,34.1,0.0,61.0,6.3,1010.7
2021-02-28,26.0,20.0,33.8,0.0,87.0,9.6,1011.4
2021-03-01,25.4,17.4,33.8,0.0,81.0,8.6,1014.1
2021-03-02,25.3,18.4,33.6,0.0,94.0,9.3,1014.3
2021-03-03,25.0,18.2,32.5,0.0,83.0,10.5,1013.2
2021-03-04,24.6,16.5,32.3,0.0,87.0,10.6,1013.7
2021-03-05,24.9,16.7,32.0,0.0,86.0,7.5,1014.5
2021-03-06,26.7,18.4,34.4,0.0,52.0,7.1,1014.4
2021-03-07,26.5,17.5,35.9,0.0,80.0,8.3,1013.2
2021-03-08,26.0,19.0,33.8,0.0,92.0,9.2,1013.8
2021-03-09,25.6,18.7,33.5,0.0,102.0,10.0,1014.3
2021-03-10,27.0,19.5,33.6,0.0,90.0,7.9,1014.3
2021-03-11,25.9,20.3,33.0,0.0,124.0,9.6,1014.4
2021-03-12,25.4,19.6,33.4,0.0,93.0,9.2,1015.0
2021-03-13,25.1,16.7,32.6,0.0,101.0,9.4,1014.6
2021-03-14,26.0,18.6,33.0,0.0,88.0,9.6,1013.3
2021-03-15,26.5,18.0,33.8,0.0,106.0,8.8,1012.4
2021-03-16,26.8,19.8,34.0,0.0,83.0,8.5,1012.2
2021-03-17,26.2,19.5,34.4,0.0,97.0,9.4,1011.6
2021-03-18,26.3,19.8,33.6,0.0,89.0,9.5,1012.0
2021-03-19,26.2,19.6,33.6,0.0,88.0,8.6,1011.4
2021-03-20,26.3,19.6,33.8,0.0,133.0,7.7,1010.5
2021-03-21,26.5,19.7,34.2,0.0,96.0,8.2,1010.4
2021-03-22,26.8,18.8,34.6,0.0,84.0,9.8,1011.6
2021-03-23,27.8,20.7,34.8,0.0,107.0,9.9,1012.4
2021-03-24,27.6,20.8,35.6,0.0,91.0,11.0,1012.5
2021-03-25,28.2,21.6,34.6,0.0,83.0,10.4,1011.5
2021-03-26,28.1,21.6,35.1,0.0,81.0,11.6,1010.9
2021-03-27,28.0,21.0,35.7,0.0,97.0,11.3,1010.7
2021-03-28,26.9,22.5,35.0,0.0,106.0,10.7,1010.3
2021-03-29,28.0,21.7,34.0,0.0,103.0,7.9,1010.2
2021-03-30,28.2,23.0,34.8,0.0,333.0,9.4,1009.4
2021-03-31,28.8,21.2,35.6,0.0,320.0,7.9,1007.2
2021-04-01,29.2,23.1,37.2,0.0,296.0,9.2,1007.8
2021-04-02,28.7,21.4,36.7,0.0,289.0,8.6,1008.1
2021-04-03,28.3,22.4,36.8,0.0,258.0,8.6,1008.8
2021-04-04,29.1,23.0,35.2,0.0,322.0,8.3,1010.1
2021-04-05,28.0,22.8,36.0,0.0,111.0,9.4,1010.9
2021-04-06,27.4,22.5,35.3,0.0,103.0,9.8,1011.4
2021-04-07,27.6,19.4,35.0,0.0,107.0,9.4,1012.1
2021-04-08,27.8,22.6,35.6,0.0,144.0,8.7,1010.5
2021-04-09,27.5,22.0,35.0,0.0,128.0,9.3,1009.8
2021-04-10,26.9,21.0,34.8,0.0,105.0,9.5,1011.5
2021-04-11,27.3,21.5,33.8,0.0,113.0,9.6,1012.8
2021-04-12,27.3,20.7,34.4,0.0,112.0,9.4,1013.3
2021-04-13,27.1,22.8,33.8,0.0,120.0,8.9,1012.7
2021-04-14,25.2,21.8,33.4,8.1,137.0,6.0,1012.7
2021-04-15,25.3,19.8,33.2,1.8,251.0,6.9,1012.6
2021-04-16,27.2,20.8,32.6,0.3,316.0,6.0,1012.0
2021-04-17,27.7,22.4,33.4,0.0,343.0,6.1,1012.1
2021-04-18,27.8,23.4,33.4,0.1,164.0,6.7,1013.1
2021-04-19,28.3,22.7,34.3,0.1,272.0,7.7,1011.6
2021-04-20,27.5,23.4,34.6,2.1,289.0,6.6,1011.0
2021-04-21,26.6,20.8,34.4,0.0,275.0,4.7,1012.1
2021-04-22,24.3,20.5,34.6,28.7,336.0,4.1,1012.3
2021-04-23,24.4,20.7,32.2,21.3,278.0,4.2,1012.5
2021-04-24,24.6,20.0,31.7,65.8,310.0,4.0,1012.1
2021-04-25,26.5,21.8,31.9,0.0,89.0,4.8,1010.9
2021-04-26,26.5,21.2,33.0,0.0,92.0,4.3,1010.4
2021-04-27,26.6,20.9,32.5,0.0,101.0,7.4,1010.9
2021-04-28,27.0,20.9,33.4,0.1,79.0,5.7,1011.7
2021-04-29,26.6,22.2,34.0,0.7,29.0,6.2,1011.6
2021-04-30,26.8,21.2,34.4,0.0,99.0,6.7,1010.1
2021-05-01,27.1,22.5,33.4,0.0,110.0,9.0,1010.0
2021-05-02,27.0,23.4,32.9,0.0,128.0,6.5,1010.6
2021-05-03,27.3,22.7,33.0,0.3,114.0,6.7,1010.4
2021-05-04,26.3,24.0,32.7,8.9,140.0,5.6,1011.0
2021-05-05,26.9,20.6,33.3,0.0,125.0,7.2,1009.9
2021-05-06,27.4,23.9,33.7,0.0,131.0,8.7,1010.6
2021-05-07,27.2,22.6,33.0,0.7,125.0,9.0,1011.4
2021-05-08,26.8,23.3,33.0,0.2,115.0,7.4,1010.3
2021-05-09,27.2,21.3,33.4,0.3,132.0,8.3,1009.5
2021-05-10,27.0,24.4,34.4,1.0,199.0,5.0,1009.5
2021-05-11,27.3,23.3,33.8,5.6,284.0,4.4,1009.9
2021-05-12,25.5,21.4,33.9,0.0,242.0,5.8,1008.9
2021-05-13,25.4,20.7,31.9,35.1,262.0,4.4,1007.9
2021-05-14,26.7,21.4,31.9,26.2,186.0,7.6,1006.5
2021-05-15,23.8,22.2,32.6,0.0,159.0,12.9,1005.7
2021-05-16,24.0,21.4,28.0,0.0,178.0,10.4,1007.5
2021-05-17,25.7,21.0,31.6,0.0,210.0,10.3,1009.4
2021-05-18,25.7,21.6,32.6,0.0,222.0,11.7,1009.7
2021-05-19,26.4,21.6,33.1,4.0,221.0,12.7,1009.3
2021-05-20,24.7,22.2,33.4,2.7,242.0,11.9,1009.7
2021-05-21,23.3,20.9,30.8,2.8,252.0,11.2,1010.2
2021-05-22,23.8,21.0,28.8,25.4,267.0,10.3,1009.7
2021-05-23,25.8,20.8,29.4,7.4,260.0,11.3,1009.7
2021-05-24,26.1,22.0,31.0,0.0,282.0,11.6,1010.0
2021-05-25,24.3,20.2,31.7,0.3,256.0,12.5,1009.2
2021-05-26,24.9,20.4,30.2,31.0,254.0,16.9,1008.1
2021-05-27,25.3,21.2,30.1,0.0,261.0,15.6,1008.8
2021-05-28,25.4,20.4,30.6,0.0,264.0,12.3,1009.8
2021-05-29,25.5,21.0,30.9,0.5,255.0,11.5,1010.6
2021-05-30,25.7,20.9,32.1,0.1,250.0,12.9,1010.2
2021-05-31,26.2,21.4,32.1,2.3,250.0,12.7,1008.7
2021-06-01,26.1,21.1,32.3,5.6,244.0,11.1,1008.8
2021-06-02,25.9,22.2,33.7,1.0,267.0,6.6,1009.5
2021-06-03,24.6,21.9,33.7,0.5,302.0,3.9,1010.5
2021-06-04,23.8,21.1,31.0,52.3,265.0,4.1,1011.2
2021-06-05,23.6,21.2,31.5,12.7,243.0,7.0,1010.9
2021-06-06,24.8,20.7,29.2,4.6,242.0,9.6,1010.6
2021-06-07,25.4,22.1,29.7,0.5,280.0,9.7,1010.7
2021-06-08,25.6,19.7,31.0,0.0,263.0,10.4,1010.4
2021-06-09,24.2,20.5,31.1,4.6,259.0,14.2,1009.8
2021-06-10,24.2,20.4,29.5,2.3,257.0,15.0,1008.8
2021-06-11,24.2,20.4,29.0,0.0,252.0,17.4,1008.7
2021-06-12,23.6,20.7,29.0,2.8,250.0,18.9,1008.8
2021-06-13,23.0,20.2,29.0,3.6,253.0,19.4,1008.7
2021-06-14,22.3,20.1,27.6,0.0,250.0,19.0,1008.5
2021-06-15,22.7,20.2,26.5,4.3,246.0,18.9,1007.6
2021-06-16,22.7,20.8,26.7,0.5,243.0,18.2,1009.1
2021-06-17,23.4,20.8,28.0,5.1,245.0,19.4,1010.1
2021-06-18,23.4,20.4,28.4,1.3,244.0,19.8,1010.8
2021-06-19,23.4,20.8,28.0,0.0,249.0,17.8,1012.5
2021-06-20,24.3,20.5,28.8,0.0,256.0,16.0,1012.6
2021-06-21,24.3,20.4,29.6,0.6,262.0,12.6,1011.6
2021-06-22,24.8,21.0,30.6,0.4,271.0,11.4,1010.6
2021-06-23,24.9,19.9,29.9,0.0,265.0,9.4,1010.0
2021-06-24,24.7,21.4,30.5,0.9,265.0,13.2,1010.7
2021-06-25,24.8,20.1,29.4,0.2,271.0,14.8,1009.6
2021-06-26,22.8,20.1,29.7,0.0,264.0,14.2,1009.6
2021-06-27,22.6,20.2,27.2,2.3,283.0,11.9,1010.7
2021-06-28,23.7,20.8,28.5,0.5,264.0,9.4,1009.9
2021-06-29,26.2,20.9,31.6,0.0,249.0,5.8,1009.4
2021-06-30,26.8,22.5,32.6,1.5,254.0,8.8,1009.4
2021-07-01,25.7,23.0,32.7,2.5,242.0,9.8,1008.6
2021-07-02,26.0,22.0,30.6,0.0,256.0,11.6,1009.4
2021-07-03,25.7,21.7,31.4,15.0,252.0,8.9,1010.0
2021-07-04,24.5,20.4,31.0,7.5,289.0,8.5,1010.2
2021-07-05,24.5,20.1,30.8,2.7,297.0,9.1,1009.2
2021-07-06,24.9,20.2,29.4,1.3,298.0,5.5,1008.1
2021-07-07,24.6,22.3,30.0,0.0,269.0,6.7,1008.4
2021-07-08,25.3,21.8,29.4,0.0,269.0,9.4,1008.6
2021-07-09,24.2,20.3,30.1,0.0,264.0,10.7,1007.2
2021-07-10,22.8,20.1,29.0,0.3,247.0,15.6,1006.8
2021-07-11,22.8,20.1,26.8,0.5,254.0,19.0,1006.5
2021-07-12,23.2,20.2,26.8,0.0,255.0,18.3,1006.3
2021-07-13,22.3,20.4,27.0,4.6,254.0,14.9,1007.7
2021-07-14,21.6,19.8,25.2,11.4,259.0,14.2,1008.1
2021-07-15,21.7,19.9,25.4,18.8,251.0,14.8,1008.0
2021-07-16,22.7,20.8,25.6,2.8,249.0,12.4,1009.8
2021-07-17,22.1,20.7,27.0,1.3,271.0,12.6,1009.9
2021-07-18,21.6,20.0,28.2,17.8,253.0,14.2,1009.0
2021-07-19,22.6,19.5,26.8,4.3,264.0,16.6,1009.0
2021-07-20,23.1,19.7,27.6,7.1,260.0,17.1,1011.0
2021-07-21,21.8,20.4,27.8,0.0,254.0,17.3,1010.5
2021-07-22,21.2,20.0,24.2,3.3,248.0,20.0,1007.7
2021-07-23,21.4,19.7,24.7,3.0,250.0,17.5,1007.1
2021-07-24,22.6,20.0,27.1,0.5,256.0,14.5,1008.5
2021-07-25,23.2,20.6,28.0,24.4,256.0,15.1,1009.6
2021-07-26,23.4,20.5,28.4,59.7,251.0,15.4,1010.0
2021-07-27,23.4,20.1,28.3,0.0,257.0,16.5,1009.5
2021-07-28,23.5,20.0,27.7,1.0,259.0,17.0,1010.0
2021-07-29,23.1,19.8,28.3,0.9,254.0,17.7,1010.9
2021-07-30,23.5,19.6,28.4,0.0,259.0,16.9,1011.4
2021-07-31,23.7,19.9,28.7,0.7,262.0,17.1,1011.7
2021-08-01,23.2,20.0,28.0,0.0,257.0,16.5,1010.8
2021-08-02,23.6,19.6,27.5,0.0,255.0,17.2,1010.9
2021-08-03,23.2,19.5,28.2,0.7,259.0,16.2,1012.2
2021-08-04,23.3,21.0,29.3,2.8,258.0,15.5,1012.6
2021-08-05,22.8,20.4,27.6,2.7,256.0,16.4,1010.8
2021-08-06,23.5,19.9,28.8,1.6,259.0,15.5,1009.6
2021-08-07,24.3,20.9,29.4,4.3,255.0,13.2,1010.4
2021-08-08,24.9,20.8,30.3,1.3,255.0,9.4,1010.8
2021-08-09,25.5,21.7,30.7,0.5,258.0,8.1,1011.3
2021-08-10,23.9,21.8,30.7,0.0,268.0,11.3,1011.0
2021-08-11,24.0,20.8,28.2,0.0,272.0,11.4,1011.3
2021-08-12,22.8,19.7,28.2,1.5,273.0,11.5,1011.9
2021-08-13,23.2,20.0,27.0,3.8,269.0,11.8,1010.9
2021-08-14,23.6,20.3,27.4,0.0,269.0,14.2,1009.2
2021-08-15,23.2,20.0,28.0,0.5,264.0,12.9,1009.6
2021-08-16,22.8,20.7,28.0,0.0,260.0,12.2,1010.7
2021-08-17,22.9,20.3,26.5,13.7,261.0,10.7,1010.9
2021-08-18,23.6,20.7,27.5,0.0,252.0,13.4,1009.7
2021-08-19,23.6,20.4,28.4,0.3,257.0,14.1,1009.2
2021-08-20,24.1,20.5,28.8,7.1,268.0,9.7,1009.6
2021-08-21,22.4,20.2,28.6,0.3,269.0,5.6,1011.1
2021-08-22,22.8,19.2,27.7,5.6,250.0,4.2,1012.6
2021-08-23,23.6,20.5,27.1,3.0,255.0,5.0,1010.6
2021-08-24,24.5,20.3,29.0,3.8,255.0,6.4,1010.4
2021-08-25,24.1,20.7,29.1,1.0,261.0,7.4,1009.8
2021-08-26,24.1,21.0,29.6,0.0,258.0,8.6,1008.2
2021-08-27,22.7,20.5,30.4,24.9,257.0,8.2,1007.8
2021-08-28,22.4,20.1,28.4,11.7,255.0,11.7,1006.9
2021-08-29,21.7,19.2,25.8,4.1,258.0,13.3,1006.6
2021-08-30,22.4,19.7,26.2,3.8,257.0,13.5,1007.8
2021-08-31,23.9,19.7,27.6,0.5,254.0,11.1,1008.8
2021-09-01,23.6,20.9,29.3,0.0,265.0,9.1,1009.9
2021-09-02,22.6,19.5,29.4,2.8,271.0,8.6,1009.8
2021-09-03,22.5,19.5,26.7,44.7,273.0,10.4,1009.0
2021-09-04,22.3,20.4,26.2,0.0,259.0,13.7,1009.5
2021-09-05,22.1,20.2,26.6,1.0,256.0,14.5,1009.3
2021-09-06,22.6,20.2,27.2,7.9,255.0,15.0,1009.2
2021-09-07,22.2,20.0,27.0,2.0,247.0,17.4,1009.0
2021-09-08,23.1,20.5,27.0,0.5,244.0,16.0,1010.2
2021-09-09,24.0,20.0,27.8,0.5,255.0,13.6,1011.5
2021-09-10,24.1,20.2,29.1,0.0,256.0,13.6,1011.1
2021-09-11,23.7,20.5,28.4,1.3,247.0,14.7,1010.1
2021-09-12,23.6,20.7,28.5,0.0,250.0,16.4,1008.8
2021-09-13,23.7,20.9,28.0,0.0,246.0,18.0,1007.8
2021-09-14,24.1,19.9,28.2,0.0,250.0,14.9,1008.5
2021-09-15,23.8,20.5,28.2,1.4,251.0,12.7,1009.6
2021-09-16,23.7,19.0,29.0,0.3,258.0,10.0,1009.6
2021-09-17,24.0,19.3,30.0,0.4,268.0,7.6,1009.2
2021-09-18,26.0,21.0,30.9,0.1,285.0,6.5,1010.6
2021-09-19,25.7,19.5,30.8,3.8,355.0,5.3,1011.8
2021-09-20,22.4,19.8,31.3,26.2,279.0,4.7,1011.2
2021-09-21,23.5,20.3,29.0,53.3,284.0,8.4,1010.4
2021-09-22,23.9,20.6,29.7,11.2,279.0,11.6,1008.9
2021-09-23,23.8,20.6,28.0,0.0,275.0,10.7,1009.1
2021-09-24,24.0,20.7,28.2,0.3,278.0,8.8,1009.9
2021-09-25,24.2,20.8,28.8,0.5,266.0,9.3,1009.6
2021-09-26,23.1,20.1,29.2,12.2,281.0,11.0,1007.8
2021-09-27,22.7,20.2,27.0,0.5,258.0,14.6,1006.8
2021-09-28,22.3,18.8,27.0,10.2,250.0,14.6,1008.5
2021-09-29,23.4,19.4,27.4,9.1,256.0,11.6,1010.3
2021-09-30,24.0,20.4,28.0,0.0,267.0,7.0,1011.3
2021-10-01,23.0,19.9,29.8,8.5,349.0,7.7,1010.7
2021-10-02,24.2,21.0,30.8,5.8,63.0,6.9,1010.2
2021-10-03,23.7,20.0,30.0,0.0,90.0,7.2,1010.0
2021-10-04,24.8,20.2,29.7,64.0,69.0,6.6,1009.3
2021-10-05,23.3,19.1,30.6,0.0,29.0,5.4,1009.3
2021-10-06,22.6,20.1,28.0,38.6,251.0,4.8,1008.0
2021-10-07,24.9,21.0,29.6,0.5,237.0,6.4,1008.7
2021-10-08,22.8,21.8,30.6,6.1,273.0,7.8,1009.8
2021-10-09,22.1,20.8,27.1,7.9,275.0,8.9,1011.2
2021-10-10,22.5,21.1,26.3,14.5,279.0,8.5,1010.7
2021-10-11,22.8,19.6,27.0,13.0,292.0,6.5,1009.5
2021-10-12,22.0,19.4,27.5,32.5,283.0,7.2,1009.2
2021-10-13,22.8,19.7,27.8,18.3,275.0,8.4,1008.9
2021-10-14,24.2,20.4,28.0,26.9,287.0,6.2,1008.1
2021-10-15,23.6,21.5,29.0,39.6,283.0,4.0,1005.5
2021-10-16,23.8,19.4,28.3,15.0,353.0,3.2,1005.0
2021-10-17,22.7,20.6,28.9,7.1,282.0,6.8,1006.9
2021-10-18,22.9,20.8,26.7,0.8,270.0,10.3,1010.1
2021-10-19,23.8,20.5,27.6,15.2,321.0,6.5,1012.4
2021-10-20,24.7,20.0,28.8,0.0,26.0,4.1,1014.1
2021-10-21,25.5,20.9,29.3,0.5,51.0,4.9,1014.3
2021-10-22,25.1,18.5,30.7,0.3,82.0,5.9,1014.3
2021-10-23,24.1,20.4,31.6,17.3,131.0,5.5,1015.1
2021-10-24,24.3,19.2,30.1,41.9,338.0,4.5,1015.1
2021-10-25,23.9,20.9,29.4,0.0,45.0,7.2,1013.2
2021-10-26,23.5,17.8,28.1,0.8,62.0,6.7,1012.3
2021-10-27,22.3,18.3,28.4,0.0,50.0,8.2,1012.6
2021-10-28,22.0,17.2,27.4,0.1,38.0,7.3,1012.5
2021-10-29,22.7,20.2,28.2,10.3,63.0,10.1,1013.3
2021-10-30,23.2,20.8,27.0,5.0,65.0,10.0,1014.0
2021-10-31,23.2,20.3,28.0,8.6,56.0,10.0,1013.8
2021-11-01,22.9,20.8,27.8,8.7,65.0,10.8,1012.9
2021-11-02,22.1,20.6,27.6,5.3,82.0,12.4,1012.2
2021-11-03,22.3,20.2,26.8,0.0,86.0,9.6,1012.6
2021-11-04,22.1,19.4,27.0,10.7,79.0,6.3,1012.4
2021-11-05,21.7,19.2,28.4,55.9,54.0,4.8,1012.2
2021-11-06,22.8,18.3,26.6,0.0,17.0,6.8,1011.2
2021-11-07,21.6,19.4,27.4,3.7,23.0,9.0,1011.5
2021-11-08,20.5,19.5,24.5,2.0,44.0,9.2,1012.3
2021-11-09,21.4,18.2,25.6,1.0,44.0,8.0,1013.1
2021-11-10,20.7,17.4,26.6,0.0,35.0,10.4,1011.5
2021-11-11,18.4,17.3,24.0,4.3,350.0,14.1,1009.0
2021-11-12,20.4,16.8,22.5,19.1,340.0,9.2,1008.5
2021-11-13,21.8,20.1,24.7,6.6,150.0,4.8,1009.7
2021-11-14,22.4,19.1,26.0,0.0,202.0,3.7,1010.2
2021-11-15,22.8,20.7,26.2,1.0,89.0,4.8,1009.0
2021-11-16,22.8,18.9,26.4,52.1,115.0,7.3,1009.2
2021-11-17,22.5,19.8,27.6,0.8,77.0,6.1,1011.2
2021-11-18,20.6,20.0,27.2,3.6,0.0,9.0,1009.9
2021-11-19,21.1,19.8,23.2,73.4,318.0,9.3,1006.3
2021-11-20,21.1,20.1,22.6,3.8,226.0,11.3,1007.9
2021-11-21,22.5,19.3,26.2,2.3,275.0,5.1,1011.4
2021-11-22,22.8,20.5,26.5,5.1,50.0,5.3,1012.9
2021-11-23,24.2,20.1,28.4,0.0,54.0,6.9,1012.2
2021-11-24,22.8,20.1,29.8,0.0,76.0,8.0,1012.7
2021-11-25,23.0,19.4,27.0,11.4,51.0,11.0,1012.6
2021-11-26,21.8,19.1,27.0,0.0,47.0,12.2,1012.9
2021-11-27,21.2,19.5,24.9,5.0,45.0,12.2,1013.3
2021-11-28,21.0,19.8,23.4,0.0,60.0,10.4,1013.2
2021-11-29,21.1,19.5,22.6,0.0,74.0,13.1,1013.7
2021-11-30,22.4,18.9,25.8,0.5,92.0,12.9,1014.0
2021-12-01,21.7,20.0,26.4,0.0,94.0,11.5,1013.6
2021-12-02,22.1,19.5,25.4,6.9,92.0,5.8,1013.5
2021-12-03,21.9,17.9,27.4,3.0,38.0,4.8,1013.6
2021-12-04,23.9,21.0,28.2,0.0,318.0,3.1,1013.9
2021-12-05,23.2,19.8,28.4,1.0,341.0,3.8,1013.9
2021-12-06,23.2,19.3,29.2,0.0,33.0,5.0,1013.5
2021-12-07,22.6,17.7,28.2,0.0,48.0,6.6,1014.0
2021-12-08,23.0,18.6,28.4,0.0,73.0,9.0,1014.2
2021-12-09,22.6,20.2,28.2,0.9,75.0,9.4,1015.3
2021-12-10,22.7,18.6,27.2,1.0,84.0,10.9,1016.3
2021-12-11,21.6,18.0,28.4,0.0,73.0,12.4,1015.8
2021-12-12,20.9,17.5,24.7,0.2,73.0,12.8,1016.1
2021-12-13,20.4,18.0,26.0,2.4,67.0,11.8,1015.2
2021-12-14,21.2,18.3,24.4,2.8,70.0,12.5,1014.6
2021-12-15,20.6,17.4,24.4,0.3,67.0,11.0,1015.1
2021-12-16,21.5,17.2,26.4,0.0,55.0,8.4,1015.8
2021-12-17,20.6,16.3,27.6,0.0,53.0,8.6,1016.3
2021-12-18,21.0,16.5,28.6,0.0,49.0,8.3,1015.7
2021-12-19,20.0,15.6,27.0,0.0,75.0,9.6,1016.8
2021-12-20,20.7,14.8,26.8,0.0,83.0,8.9,1016.9
2021-12-21,19.8,13.9,27.2,0.0,71.0,5.5,1016.8
2021-12-22,19.4,12.8,27.4,0.0,63.0,5.6,1015.3
2021-12-23,21.3,16.0,28.2,0.0,79.0,5.7,1014.7
2021-12-24,21.0,14.3,28.2,0.0,82.0,6.0,1014.5
2021-12-25,21.8,14.7,30.0,0.0,72.0,6.3,1015.0
2021-12-26,22.2,15.1,30.2,0.0,80.0,7.0,1016.1
2021-12-27,21.2,16.6,30.2,0.0,107.0,9.2,1016.9
2021-12-28,21.2,16.3,28.4,0.0,104.0,10.9,1016.1
2021-12-29,21.3,15.6,27.4,0.0,109.0,10.7,1015.1
2021-12-30,21.3,15.7,27.6,0.7,88.0,13.3,1016.6
2021-12-31,20.3,17.6,26.5,0.0,80.0,16.0,1017.5
2022-01-01,21.4,18.5,24.6,3.3,78.0,14.0,1017.7
2022-01-02,22.0,17.5,26.4,0.0,85.0,13.0,1016.7
2022-01-03,21.4,16.3,27.2,0.0,87.0,11.0,1016.0
2022-01-04,20.9,16.8,27.3,0.0,78.0,10.1,1016.2
2022-01-05,20.5,14.8,27.4,0.0,73.0,7.9,1016.0
2022-01-06,21.9,16.8,28.0,0.0,107.0,10.4,1014.8
2022-01-07,22.1,18.1,28.4,0.0,119.0,11.1,1015.1
2022-01-08,21.9,18.4,28.2,0.0,118.0,9.3,1015.3
2022-01-09,22.4,18.3,28.4,0.0,118.0,8.2,1014.2
2022-01-10,21.8,17.4,28.2,0.1,128.0,8.0,1014.1
2022-01-11,22.9,16.8,29.0,0.1,128.0,8.5,1014.2
2022-01-12,23.4,20.0,30.6,0.4,165.0,8.9,1013.4
2022-01-13,22.4,17.5,29.4,0.5,174.0,8.0,1013.0
2022-01-14,22.3,16.5,29.0,0.2,160.0,7.7,1012.8
2022-01-15,23.1,17.4,29.2,0.0,128.0,4.9,1013.4
2022-01-16,22.5,19.0,30.2,0.2,91.0,10.8,1015.2
2022-01-17,22.1,18.0,29.2,0.0,86.0,12.0,1016.9
2022-01-18,21.7,16.4,28.4,0.0,78.0,9.5,1016.1
2022-01-19,21.7,16.6,27.9,0.0,58.0,8.3,1014.8
2022-01-20,21.0,13.0,29.0,0.0,21.0,5.6,1012.7
2022-01-21,22.1,14.5,31.4,0.0,14.0,6.9,1012.6
2022-01-22,22.9,17.5,31.8,0.0,294.0,7.5,1011.2
2022-01-23,23.3,17.0,31.2,0.0,275.0,6.4,1010.8
2022-01-24,22.1,16.5,31.0,0.0,329.0,6.4,1010.8
2022-01-25,22.0,16.2,30.2,0.0,148.0,7.3,1011.1
2022-01-26,22.5,17.8,29.0,0.1,135.0,7.6,1011.7
2022-01-27,22.2,19.8,28.8,1.8,109.0,9.6,1012.7
2022-01-28,21.4,17.0,27.2,0.0,88.0,13.6,1014.0
2022-01-29,21.2,15.3,27.2,0.0,93.0,13.4,1015.0
2022-01-30,23.0,18.1,29.4,0.0,103.0,6.5,1013.8
2022-01-31,24.3,19.2,31.6,0.0,95.0,6.3,1012.8
2022-02-01,24.0,19.5,30.6,0.0,85.0,6.7,1012.4
2022-02-02,23.8,17.8,31.5,0.0,110.0,6.8,1012.8
2022-02-03,23.7,18.9,31.3,0.0,161.0,7.5,1012.4
2022-02-04,22.9,16.5,30.6,0.0,275.0,8.9,1011.3
2022-02-05,24.3,17.5,31.5,0.0,118.0,7.2,1011.7
2022-02-06,23.4,19.6,32.5,0.0,109.0,10.7,1014.3
2022-02-07,22.8,18.9,29.8,0.0,88.0,7.8,1015.0
2022-02-08,23.1,17.6,30.0,0.0,91.0,8.0,1013.8
2022-02-09,22.4,16.8,29.5,0.0,98.0,12.4,1013.7
2022-02-10,22.9,16.1,30.1,0.0,73.0,10.9,1013.2
2022-02-11,23.0,15.1,31.0,0.0,77.0,12.9,1013.2
2022-02-12,23.4,17.2,30.5,0.0,81.0,12.4,1012.8
2022-02-13,22.8,17.6,30.3,0.0,84.0,9.5,1011.9
2022-02-14,23.3,17.0,30.1,0.0,78.0,8.7,1011.9
2022-02-15,23.1,18.3,30.0,0.0,82.0,8.3,1011.8
2022-02-16,22.8,16.8,29.2,0.0,89.0,8.4,1010.1
2022-02-17,23.0,16.1,30.0,0.0,97.0,11.2,1009.1
2022-02-18,23.0,16.6,31.0,0.0,94.0,13.3,1010.7
2022-02-19,23.1,16.0,30.6,0.0,88.0,11.0,1012.7
2022-02-20,23.5,15.8,32.0,0.0,42.0,6.6,1012.2
2022-02-21,25.3,17.6,33.1,0.0,25.0,6.8,1010.9
2022-02-22,25.3,20.0,33.4,0.0,107.0,9.6,1012.3
2022-02-23,23.8,18.5,32.0,0.0,106.0,11.5,1015.2
2022-02-24,22.2,17.0,31.5,0.0,101.0,11.3,1016.3
2022-02-25,24.2,17.0,31.2,0.0,81.0,10.3,1015.2
2022-02-26,24.1,16.0,33.0,0.0,89.0,10.2,1015.0
2022-02-27,24.1,17.4,31.7,0.0,90.0,11.3,1015.2
2022-02-28,24.6,16.1,31.4,0.0,104.0,9.9,1014.8
2022-03-01,25.2,18.4,32.1,0.0,98.0,10.9,1014.6
2022-03-02,24.7,17.2,32.8,0.0,88.0,12.4,1014.1
2022-03-03,24.1,15.7,31.8,0.0,81.0,12.3,1013.7
2022-03-04,24.0,17.4,31.6,0.0,60.0,13.2,1013.3
2022-03-05,24.8,18.6,32.5,0.0,53.0,12.3,1012.4
2022-03-06,23.9,18.6,32.1,0.0,60.0,12.8,1011.9
2022-03-07,22.4,18.7,30.7,2.4,83.0,13.8,1013.1
2022-03-08,24.9,18.0,30.6,0.0,101.0,9.1,1012.7
2022-03-09,24.9,16.7,32.8,0.0,105.0,11.4,1012.1
2022-03-10,26.0,19.4,33.6,0.0,95.0,10.9,1011.6
2022-03-11,26.2,19.1,33.4,0.0,94.0,11.0,1011.4
2022-03-12,26.4,18.3,33.5,0.0,89.0,11.5,1011.0
2022-03-13,26.4,18.6,33.6,0.0,90.0,12.2,1011.4
2022-03-14,27.0,19.3,33.3,0.0,84.0,9.9,1011.6
2022-03-15,26.7,20.1,33.8,0.0,67.0,7.4,1010.5
2022-03-16,26.9,21.0,34.6,0.0,49.0,8.9,1009.7
2022-03-17,27.2,20.4,34.5,0.0,98.0,8.1,1008.9
2022-03-18,27.3,18.7,34.8,0.0,110.0,7.1,1008.6
2022-03-19,26.5,21.7,34.8,0.1,234.0,8.1,1008.7
2022-03-20,24.9,22.0,34.1,0.0,254.0,7.5,1009.3
2022-03-21,24.7,21.3,33.2,6.1,298.0,4.9,1009.3
2022-03-22,25.6,21.8,33.5,7.9,316.0,5.2,1009.6
2022-03-23,27.0,21.4,32.8,2.0,105.0,7.9,1008.8
2022-03-24,27.1,23.4,33.6,0.0,160.0,7.6,1009.5
2022-03-25,26.6,22.4,32.6,0.2,116.0,5.9,1010.3
2022-03-26,26.7,19.9,32.9,0.0,96.0,5.9,1012.0
2022-03-27,27.1,20.4,33.8,0.0,111.0,7.4,1012.5
2022-03-28,28.2,23.0,34.5,0.0,104.0,7.0,1011.6
2022-03-29,28.7,23.3,34.7,0.1,130.0,7.3,1010.9
2022-03-30,27.8,23.2,35.3,0.1,161.0,7.0,1010.5
2022-03-31,28.3,22.7,34.3,0.0,206.0,6.8,1010.7
2022-04-01,27.1,23.4,34.6,0.0,163.0,7.7,1010.8
2022-04-02,27.4,22.0,34.0,0.0,155.0,7.2,1011.9
2022-04-03,26.6,18.6,33.6,0.0,114.0,12.6,1011.4
2022-04-04,27.6,22.0,34.5,0.0,129.0,10.4,1012.1
2022-04-05,27.3,21.7,34.6,0.0,127.0,11.6,1013.8
2022-04-06,26.8,18.4,35.0,0.0,108.0,8.0,1013.7
2022-04-07,28.6,22.6,35.8,0.0,93.0,9.7,1012.4
2022-04-08,28.1,22.0,35.5,0.0,107.0,9.2,1011.6
2022-04-09,28.3,23.4,34.7,0.0,106.0,7.7,1010.7
2022-04-10,27.3,23.8,34.9,0.0,85.0,8.4,1009.9
2022-04-11,27.2,20.1,34.2,0.0,93.0,9.0,1009.3
2022-04-12,28.4,22.6,35.1,0.0,99.0,8.2,1008.9
2022-04-13,25.3,21.5,34.8,3.5,116.0,7.8,1008.7
2022-04-14,24.4,20.7,33.7,13.6,174.0,4.1,1009.4
2022-04-15,25.4,19.1,31.7,37.6,278.0,5.5,1009.4
2022-04-16,26.3,19.7,34.1,0.0,324.0,5.7,1008.7
2022-04-17,25.6,20.0,34.1,51.1,308.0,6.6,1009.6
2022-04-18,23.8,19.1,32.1,1.0,305.0,7.7,1011.4
2022-04-19,26.0,20.0,32.4,32.8,344.0,5.0,1011.8
2022-04-20,27.9,21.8,34.1,0.0,59.0,5.8,1009.6
2022-04-21,28.1,23.2,34.5,0.0,122.0,8.0,1009.0
2022-04-22,27.4,22.7,34.5,0.0,122.0,8.4,1010.2
2022-04-23,27.0,22.7,33.5,0.0,105.0,8.7,1011.1
2022-04-24,27.9,23.3,34.0,0.0,85.0,5.5,1009.8
2022-04-25,28.6,23.2,34.6,0.0,136.0,7.6,1008.9
2022-04-26,28.9,23.4,34.6,0.0,132.0,6.7,1009.2
2022-04-27,29.1,23.7,35.0,0.0,120.0,8.8,1008.9
2022-04-28,28.5,24.2,35.0,0.0,145.0,8.4,1009.6
2022-04-29,29.2,23.3,36.7,0.0,40.0,6.5,1009.5
2022-04-30,28.1,22.7,36.7,0.0,274.0,8.6,1008.8
2022-05-01,24.9,20.4,34.8,0.0,260.0,7.5,1007.8
2022-05-02,26.3,20.2,33.9,54.1,290.0,8.6,1007.9
2022-05-03,26.3,21.8,34.0,0.0,320.0,5.8,1008.8
2022-05-04,25.5,20.9,34.2,8.9,306.0,5.1,1009.5
2022-05-05,23.9,20.4,34.2,4.3,314.0,6.2,1009.6
2022-05-06,25.2,21.3,31.8,0.3,297.0,5.3,1009.1
2022-05-07,26.0,21.2,33.5,5.1,312.0,6.5,1008.0
2022-05-08,26.1,21.0,33.2,0.0,298.0,8.1,1006.6
2022-05-09,25.3,21.0,33.2,2.0,264.0,9.5,1005.9
2022-05-10,22.6,20.2,31.5,22.9,256.0,15.0,1005.7
2022-05-11,22.1,20.4,25.0,5.1,257.0,17.8,1006.1
2022-05-12,21.3,19.5,25.0,5.3,251.0,15.6,1007.3
2022-05-13,22.9,20.0,26.3,2.0,260.0,13.2,1007.4
2022-05-14,25.2,20.3,29.7,0.0,263.0,8.9,1007.5
2022-05-15,25.2,20.9,29.7,21.1,257.0,8.5,1008.2
2022-05-16,23.9,20.8,29.5,0.3,285.0,7.8,1007.7
2022-05-17,23.8,21.1,30.1,6.4,344.0,4.3,1006.4
2022-05-18,24.3,20.2,29.0,114.6,96.0,6.4,1006.0
2022-05-19,20.6,19.4,29.0,0.8,224.0,13.6,1007.6
2022-05-20,21.8,17.9,27.0,4.8,245.0,15.7,1009.4
2022-05-21,22.8,18.8,27.0,3.8,264.0,16.5,1008.9
2022-05-22,23.8,20.7,28.5,0.0,254.0,15.4,1009.6
2022-05-23,25.8,21.0,30.3,0.0,272.0,13.5,1007.0
2022-05-24,26.2,22.1,30.7,0.0,272.0,9.9,1009.3
2022-05-25,25.5,22.2,30.7,0.0,283.0,8.3,1010.5
2022-05-26,26.1,22.6,31.9,0.0,277.6666666666667,9.200000000000001,1010.2
2022-05-27,26.1,21.6,31.9,0.0,272.3333333333333,10.1,1009.9
2022-05-28,25.7,21.2,31.0,0.3,267.0,11.0,1009.6
2022-05-29,25.8,21.2,30.6,0.0,266.0,10.3,1009.3
2022-05-30,24.8,19.6,30.6,12.6,264.0,9.1,1008.9
2022-05-31,24.1,20.6,30.4,6.9,281.0,10.2,1009.6
2022-06-01,25.2,21.2,30.4,3.3,279.0,9.9,1008.4
2022-06-02,25.7,22.0,31.0,0.0,278.0,10.2,1008.2
2022-06-03,24.7,20.2,32.2,10.7,275.0,9.7,1008.0
2022-06-04,25.7,19.5,33.0,7.2,293.0,7.9,1007.6
2022-06-05,25.4,20.4,32.5,17.3,260.0,8.8,1007.7
2022-06-06,24.8,19.1,32.5,32.0,292.0,7.4,1008.2
2022-06-07,24.9,21.1,30.6,0.8,267.0,11.1,1008.8
2022-06-08,25.1,21.2,30.6,0.0,270.0,11.8,1008.7
2022-06-09,25.2,21.5,30.6,1.0,263.0,13.4,1008.3
2022-06-10,25.1,21.1,30.6,1.6,258.0,13.6,1009.2
2022-06-11,24.7,20.6,30.4,2.0,256.0,13.5,1010.0
2022-06-12,24.9,20.9,30.5,10.0,258.0,12.7,1009.8
2022-06-13,25.2,20.6,30.5,0.1,263.0,11.6,1010.4
2022-06-14,24.9,20.6,31.9,0.6,271.0,9.6,1009.9
2022-06-15,23.7,20.2,31.9,31.0,282.0,8.8,1009.0
2022-06-16,24.5,20.0,30.6,0.0,272.0,8.4,1009.3
2022-06-17,24.6,19.7,30.6,38.9,272.0,6.2,1008.9
2022-06-18,23.8,21.2,30.5,42.9,251.0,6.6,1009.0
2022-06-19,24.2,21.1,29.5,1.0,259.0,8.5,1011.1
2022-06-20,24.1,20.7,29.5,2.0,267.0,11.2,1008.7
2022-06-21,23.2,19.8,27.8,15.0,259.0,14.1,1007.6
2022-06-22,22.7,20.4,27.8,0.3,251.0,13.8,1008.7
2022-06-23,23.1,20.4,26.2,0.0,246.0,13.4,1009.6
2022-06-24,24.1,20.7,28.8,0.3,252.0,15.7,1008.8
2022-06-25,23.0,20.5,28.8,4.2,259.0,18.3,1007.2
2022-06-26,23.8,20.5,28.3,0.2,258.0,18.2,1007.4
2022-06-27,23.7,20.1,28.3,0.0,255.0,15.4,1009.2
2022-06-28,23.9,20.2,28.0,2.2,258.0,12.9,1009.3
2022-06-29,23.9,21.1,29.5,0.0,263.0,14.5,1007.9
2022-06-30,23.2,20.5,29.5,5.8,266.0,14.6,1007.7
2022-07-01,23.6,20.5,28.7,3.6,277.0,16.4,1007.7
2022-07-02,24.1,20.9,28.7,0.0,277.0,15.7,1006.8
2022-07-03,23.5,21.1,28.5,0.0,264.0,15.0,1007.2
2022-07-04,22.5,20.3,27.0,0.0,266.0,18.3,1007.8
2022-07-05,22.9,20.1,26.5,2.0,264.0,18.2,1006.8
2022-07-06,22.1,20.6,26.5,0.3,256.0,16.1,1009.6
2022-07-07,21.4,19.7,25.0,1.0,260.0,16.5,1010.2
2022-07-08,21.4,19.7,25.5,6.1,270.0,18.6,1009.1
2022-07-09,21.7,19.8,25.5,7.1,255.0,17.3,1007.5
2022-07-10,22.4,20.0,26.2,15.0,262.0,18.2,1007.8
2022-07-11,21.7,20.2,26.2,0.8,261.0,17.9,1009.9
2022-07-12,23.2,19.8,27.5,4.6,264.0,20.0,1009.3
2022-07-13,21.6,19.7,27.5,1.0,259.0,23.6,1007.0
2022-07-14,21.2,19.5,24.3,2.0,260.0,22.9,1005.8
2022-07-15,22.3,19.5,25.6,2.3,260.0,20.5,1006.9
2022-07-16,22.0,20.1,25.6,0.5,261.0,17.1,1008.1
2022-07-17,23.2,20.2,26.7,0.0,265.0,15.4,1008.7
2022-07-18,22.6,20.9,27.5,0.3,267.0,13.3,1011.0
2022-07-19,24.7,20.1,29.6,0.0,273.0,10.3,1009.6
2022-07-20,24.9,19.8,30.8,0.0,287.0,8.4,1009.6
2022-07-21,23.7,20.5,30.8,82.5,293.0,10.7,1009.6
2022-07-22,23.1,21.1,27.9,0.0,286.0,10.3,1009.9
2022-07-23,23.1,20.9,26.7,0.0,273.0,12.5,1009.1
2022-07-24,22.8,20.0,26.7,0.3,273.0,13.5,1009.3
2022-07-25,24.1,20.2,28.5,0.5,289.0,11.1,1009.9
2022-07-26,23.9,21.2,28.5,0.0,293.0,8.9,1010.7
2022-07-27,24.1,20.8,29.5,0.8,334.0,5.7,1010.0
2022-07-28,25.1,20.9,30.2,3.0,351.0,3.7,1010.3
2022-07-29,25.7,18.7,30.7,1.3,88.0,5.2,1009.9
2022-07-30,25.3,20.3,30.7,4.1,299.0,4.8,1009.3
2022-07-31,23.5,20.5,31.5,48.3,316.0,5.6,1007.8
2022-08-01,24.2,20.3,30.5,14.0,302.0,6.6,1009.1
2022-08-02,22.6,20.1,30.5,46.0,342.0,5.7,1009.4
2022-08-03,22.4,19.7,28.1,63.0,328.0,5.3,1007.4
2022-08-04,21.7,19.2,27.5,1.8,278.0,7.2,1006.0
2022-08-05,21.4,20.0,24.3,7.9,249.0,19.7,1008.6
2022-08-06,21.8,19.8,24.3,2.5,249.0,19.5,1006.8
2022-08-07,21.9,20.2,24.6,3.8,253.0,18.1,1006.0
2022-08-08,21.9,20.2,24.6,3.0,258.0,20.0,1007.2
2022-08-09,22.1,19.8,26.1,2.5,252.0,21.8,1005.8
2022-08-10,22.9,19.6,26.9,2.3,246.0,21.6,1005.9
2022-08-11,22.8,19.7,27.5,0.0,252.0,19.8,1007.5
2022-08-12,23.3,20.1,27.5,1.8,259.0,17.3,1008.9
2022-08-13,23.4,19.8,27.6,0.3,261.0,15.3,1009.5
2022-08-14,23.1,19.6,27.6,0.0,266.0,14.2,1010.3
2022-08-15,23.8,20.1,28.0,0.0,260.0,10.2,1010.8
2022-08-16,24.8,20.5,30.0,0.5,271.0,5.9,1010.5
2022-08-17,25.2,21.1,30.0,0.6,294.0,6.0,1010.6
2022-08-18,23.5,19.3,28.3,0.6,294.0,11.1,1010.2
2022-08-19,23.9,21.1,30.0,0.0,285.0,13.2,1010.1
2022-08-20,23.1,20.5,29.1,0.2,280.0,13.3,1010.0
2022-08-21,23.1,21.2,29.1,2.2,274.0,12.2,1009.7
2022-08-22,22.7,20.7,28.5,16.5,272.0,14.1,1009.0
2022-08-23,23.8,20.8,28.3,7.9,266.0,13.6,1009.7
2022-08-24,22.7,19.2,28.7,0.0,277.0,11.9,1011.3
2022-08-25,23.2,20.1,28.0,19.1,303.0,10.1,1009.8
2022-08-26,22.8,20.3,28.0,41.4,303.0,9.1,1009.3
2022-08-27,22.9,19.3,27.2,21.1,299.0,8.7,1009.3
2022-08-28,23.7,19.2,28.4,15.0,318.0,9.0,1008.9
2022-08-29,22.6,19.2,28.4,0.5,318.0,4.5,1009.6
2022-08-30,24.1,20.2,28.8,94.0,74.0,5.5,1009.5
2022-08-31,23.1,20.0,28.8,3.0,108.0,5.7,1009.2
2022-09-01,23.1,19.1,28.4,0.0,69.0,4.2,1010.9
2022-09-02,23.5,20.0,28.4,11.9,123.0,5.1,1009.5
2022-09-03,25.1,21.0,30.0,0.0,276.0,4.2,1009.8
2022-09-04,23.8,20.4,30.0,40.9,319.0,4.2,1009.6
2022-09-05,23.7,19.5,30.0,131.6,323.0,4.0,1009.5
2022-09-06,23.4,20.1,31.0,39.9,303.0,4.0,1008.7
2022-09-07,22.4,20.7,29.5,38.9,249.0,10.9,1009.0
2022-09-08,22.1,19.9,26.0,4.1,252.0,13.6,1009.0
2022-09-09,23.3,20.3,27.5,0.8,249.0,14.8,1008.3
2022-09-10,22.7,20.0,27.5,0.0,252.0,17.7,1008.6
2022-09-11,22.8,20.5,26.8,0.8,250.0,18.7,1007.9
2022-09-12,22.9,20.1,28.3,0.8,246.0,19.2,1008.1
2022-09-13,22.7,19.6,28.3,0.0,243.0,14.5,1010.3
2022-09-14,22.8,20.0,27.8,3.0,250.0,12.3,1012.4
2022-09-15,23.3,19.8,27.8,0.3,258.0,12.0,1013.1
2022-09-16,23.9,20.0,28.0,0.0,270.0,11.7,1011.2
2022-09-17,23.0,18.6,28.5,0.4,261.0,10.4,1010.9
2022-09-18,24.4,20.6,29.5,0.5,274.0,10.4,1011.4
2022-09-19,23.9,20.5,29.3,0.3,276.0,11.5,1011.5
2022-09-20,23.2,19.1,28.2,0.0,279.0,12.3,1010.9
2022-09-21,23.1,19.6,27.9,0.3,280.0,10.6,1010.7
2022-09-22,22.7,17.9,28.5,0.0,271.0,10.9,1011.3
2022-09-23,23.9,19.7,28.9,0.3,276.0,9.9,1012.0
2022-09-24,23.6,20.4,28.9,1.4,290.0,10.5,1011.4
2022-09-25,24.3,19.6,28.9,9.9,308.0,8.4,1010.1
2022-09-26,22.6,21.0,29.4,0.0,322.0,8.1,1010.9
2022-09-27,24.1,20.6,27.1,13.0,299.0,8.2,1009.8
2022-09-28,23.7,21.1,27.7,0.0,292.0,8.5,1008.5
2022-09-29,23.4,20.4,27.6,0.0,297.0,10.0,1008.7
2022-09-30,21.7,18.6,27.2,1.0,292.0,11.9,1010.0
2022-10-01,20.9,18.7,25.4,18.3,295.0,12.4,1010.5
2022-10-02,22.7,18.2,26.2,0.0,295.0,12.5,1009.9
2022-10-03,22.5,20.2,26.2,0.0,309.0,10.7,1009.5
2022-10-04,23.1,20.5,26.5,0.5,308.0,10.9,1009.6
2022-10-05,24.1,20.4,27.5,0.0,301.0,9.1,1009.2
2022-10-06,21.8,19.3,26.1,2.9,262.0,11.3,1008.9
2022-10-07,23.8,19.3,27.0,0.0,272.0,9.5,1009.6
2022-10-08,23.2,20.0,27.5,0.0,311.0,6.9,1010.7
2022-10-09,22.9,18.5,28.0,0.0,1.0,4.3,1010.9
2022-10-10,23.6,20.8,26.8,2.0,96.0,3.6,1011.9
2022-10-11,23.7,21.5,28.3,28.2,148.0,5.9,1011.6
2022-10-12,23.9,21.4,27.7,0.0,244.0,4.0,1012.3
2022-10-13,24.0,20.6,29.0,4.1,28.0,3.0,1011.8
2022-10-14,22.5,20.1,29.0,66.0,224.0,3.8,1011.2
2022-10-15,23.1,19.8,27.4,46.0,35.0,6.2,1010.1
2022-10-16,22.5,20.1,26.9,35.1,115.0,4.1,1012.0
2022-10-17,24.2,18.6,26.7,0.0,91.0,9.0,1013.6
2022-10-18,23.1,20.6,28.5,0.3,276.0,4.6,1013.3
2022-10-19,23.1,19.4,29.0,29.0,21.0,4.0,1012.6
2022-10-20,23.4,19.4,30.0,61.0,52.0,4.8,1013.1
2022-10-21,23.8,20.1,28.8,0.0,75.0,7.9,1014.4
2022-10-22,23.2,19.4,28.0,0.0,29.0,7.3,1014.7
2022-10-23,22.3,18.1,27.9,0.0,2.0,6.8,1014.1
2022-10-24,21.7,14.9,28.4,0.0,333.0,8.8,1012.7
2022-10-25,22.0,15.4,28.0,0.0,351.0,6.0,1013.2
2022-10-26,22.7,16.3,29.0,0.0,35.0,5.4,1014.2
2022-10-27,22.7,15.5,29.5,0.0,60.0,7.4,1014.0
2022-10-28,22.7,18.7,29.7,0.8,55.0,9.5,1013.1
2022-10-29,22.0,19.2,27.7,2.8,72.0,10.3,1013.0
2022-10-30,22.6,18.7,26.9,10.7,70.0,9.2,1013.1
2022-10-31,23.3,19.0,28.2,0.0,53.0,8.8,1012.7
2022-11-01,21.6,17.1,29.3,10.9,36.0,9.7,1013.6
2022-11-02,20.9,18.8,26.5,7.9,45.0,10.5,1013.3
2022-11-03,21.3,19.6,24.0,3.3,60.0,10.3,1012.9
2022-11-04,22.4,20.1,26.0,7.9,86.0,10.9,1014.0
2022-11-05,22.8,19.4,27.0,0.0,94.0,11.0,1015.5
2022-11-06,22.2,19.1,27.5,0.0,82.0,10.7,1015.8
2022-11-07,22.5,18.5,27.8,4.3,64.0,8.5,1015.4
2022-11-08,23.3,17.9,29.0,0.0,64.0,9.1,1014.7
2022-11-09,22.5,18.5,29.0,0.0,56.0,8.8,1014.3
2022-11-10,22.7,18.1,27.8,3.0,58.0,11.0,1014.1
2022-11-11,20.6,19.6,28.4,0.0,42.0,14.1,1013.9
2022-11-12,20.6,19.5,22.2,0.8,43.0,14.3,1013.1
2022-11-13,21.2,19.4,24.7,22.9,91.0,11.2,1013.8
2022-11-14,22.3,19.0,26.6,0.3,83.0,9.9,1014.7
2022-11-15,22.7,18.8,28.2,0.8,82.0,7.3,1014.8
2022-11-16,22.8,19.0,27.6,0.0,60.0,7.1,1013.6
2022-11-17,21.2,13.9,28.4,0.0,50.0,7.2,1013.3
2022-11-18,21.7,15.6,28.4,0.0,45.0,7.9,1013.5
2022-11-19,20.8,15.8,27.8,0.0,47.0,8.3,1013.3
2022-11-20,19.4,15.4,27.0,0.0,28.0,7.5,1012.0
2022-11-21,19.7,13.7,26.6,0.0,15.0,7.9,1011.8
2022-11-22,21.4,16.9,27.2,0.3,24.0,8.0,1011.8
2022-11-23,21.9,20.3,24.8,0.0,357.0,4.6,1012.5
2022-11-24,21.2,20.4,25.6,3.0,92.0,6.5,1012.8
2022-11-25,22.4,18.6,27.0,6.1,98.0,8.8,1013.8
2022-11-26,22.9,18.8,27.3,0.0,83.0,6.7,1013.0
2022-11-27,23.6,20.0,28.2,0.0,93.0,6.6,1011.3
2022-11-28,23.3,20.2,28.0,0.3,96.0,6.0,1011.7
2022-11-29,22.5,17.9,28.3,0.0,55.0,6.7,1012.7
2022-11-30,21.6,17.0,27.8,0.0,62.0,7.1,1013.7
2022-12-01,21.3,17.8,28.1,0.1,82.0,8.6,1013.5
2022-12-02,22.4,19.0,27.4,0.0,76.0,8.5,1012.8
2022-12-03,23.2,19.4,28.5,0.0,89.0,10.6,1013.1
2022-12-04,22.9,19.5,29.0,0.1,87.0,11.0,1013.8
2022-12-05,22.6,18.6,28.5,0.0,74.0,9.5,1014.4
2022-12-06,22.3,18.0,27.4,0.0,47.0,8.3,1013.4
2022-12-07,21.3,17.8,27.4,0.0,36.0,9.3,1012.4
2022-12-08,21.3,17.3,27.6,0.6,7.0,10.6,1011.2
2022-12-09,19.0,14.2,26.0,0.0,355.0,13.7,1009.9
2022-12-10,18.7,16.8,21.8,4.3,339.0,16.2,1008.2
2022-12-11,19.9,17.8,21.9,40.9,68.0,8.6,1009.9
2022-12-12,21.2,19.0,24.8,20.6,109.0,10.2,1011.1
2022-12-13,20.9,19.4,24.0,9.1,114.0,13.0,1012.8
2022-12-14,21.2,18.6,25.4,7.6,107.0,11.1,1014.1
2022-12-15,20.7,15.9,26.6,0.0,85.0,8.2,1013.7
2022-12-16,21.9,15.0,27.6,0.0,80.0,9.4,1012.7
2022-12-17,22.0,15.2,29.0,0.0,66.0,9.9,1013.4
2022-12-18,21.9,18.4,28.4,0.2,63.0,11.4,1012.9
2022-12-19,20.7,17.6,26.5,0.0,74.0,11.0,1012.4
2022-12-20,21.4,16.6,26.2,0.0,69.0,10.0,1011.9
2022-12-21,21.2,13.6,28.4,0.0,69.0,9.8,1012.5
2022-12-22,20.8,14.4,27.7,0.0,54.0,9.7,1011.3
2022-12-23,20.4,13.0,28.2,0.0,46.0,12.5,1012.3
2022-12-24,20.8,14.0,29.2,0.0,44.0,9.2,1013.0
2022-12-25,21.2,18.4,29.0,1.9,62.0,12.5,1013.9
2022-12-26,21.9,19.8,25.5,3.8,97.0,13.3,1014.9
2022-12-27,21.2,19.8,25.4,1.3,105.0,13.7,1016.0
2022-12-28,22.7,19.1,27.0,0.0,92.0,10.9,1017.2
2022-12-29,22.3,15.3,28.2,0.0,99.0,8.7,1018.1
2022-12-30,21.7,16.2,28.5,0.0,83.0,7.8,1019.0
2022-12-31,22.3,16.5,28.4,0.0,88.0,7.4,1018.1
2023-01-01,22.5,15.9,29.0,0.0,85.0,8.4,1017.2
2023-01-02,21.4,16.1,29.1,0.0,99.0,10.3,1017.3
2023-01-03,20.9,16.3,28.0,0.0,96.0,9.0,1017.7
2023-01-04,20.7,16.8,26.8,0.0,107.0,11.3,1016.7
2023-01-05,20.6,16.8,26.3,0.0,101.0,13.0,1017.2
2023-01-06,19.8,14.5,25.9,0.0,88.0,13.5,1018.1
2023-01-07,21.0,16.3,26.4,0.0,80.0,12.2,1017.3
2023-01-08,20.7,17.0,26.2,0.0,68.0,9.0,1016.2
2023-01-09,19.1,13.6,26.6,0.0,70.0,8.0,1017.6
2023-01-10,20.1,14.3,28.0,0.0,85.0,9.8,1017.1
2023-01-11,20.5,13.0,28.0,0.0,87.0,8.7,1015.1
2023-01-12,21.4,14.2,29.0,0.0,82.0,8.5,1014.0
2023-01-13,21.2,13.4,30.1,0.0,87.0,7.9,1014.2
2023-01-14,20.7,14.5,29.6,0.0,83.0,7.5,1014.3
2023-01-15,21.4,12.8,29.8,0.0,87.0,8.4,1013.3
2023-01-16,22.5,13.4,30.9,0.0,79.0,7.0,1013.8
2023-01-17,21.3,14.7,30.3,0.0,88.0,8.1,1014.6
2023-01-18,20.6,14.7,30.0,0.0,95.0,9.7,1017.8
2023-01-19,21.1,14.5,29.5,0.0,91.0,10.8,1016.4
2023-01-20,20.6,14.0,29.5,0.0,107.0,11.2,1016.2
2023-01-21,20.6,16.6,26.6,0.0,90.0,10.9,1015.3
2023-01-22,20.8,15.2,26.4,0.0,95.0,12.5,1014.5
2023-01-23,20.4,16.2,27.5,0.0,100.0,11.7,1013.9
2023-01-24,21.7,17.4,27.8,0.0,107.0,11.4,1013.5
2023-01-25,20.7,15.2,27.3,0.0,99.0,10.1,1013.8
2023-01-26,21.7,15.5,29.2,0.0,106.0,9.8,1013.9
2023-01-27,22.0,16.4,29.6,0.0,102.0,9.7,1013.9
2023-01-28,21.9,14.7,29.6,0.0,81.0,11.1,1013.3
2023-01-29,22.3,14.4,29.4,0.0,85.0,12.3,1012.3
2023-01-30,22.8,18.0,29.7,0.5,92.0,11.0,1013.6
2023-01-31,22.5,17.2,28.7,0.0,64.0,11.6,1013.2
2023-02-01,22.5,15.4,28.8,0.0,62.0,13.9,1012.7
2023-02-02,21.3,17.8,29.0,0.0,67.0,16.5,1013.1
2023-02-03,22.1,15.6,29.0,0.0,76.0,13.3,1013.7
2023-02-04,23.2,17.4,29.6,0.0,83.0,12.8,1012.9
2023-02-05,24.3,17.5,31.0,0.0,93.0,11.5,1012.7
2023-02-06,23.8,17.2,32.2,0.0,104.0,9.6,1013.0
2023-02-07,24.1,17.5,31.1,0.0,91.0,6.9,1013.0
2023-02-08,24.5,18.1,31.5,0.0,78.0,10.3,1012.8
2023-02-09,23.9,17.5,31.1,0.0,85.0,10.9,1013.6
2023-02-10,23.7,17.0,31.3,0.0,74.0,10.3,1014.7
2023-02-11,23.2,15.7,31.0,0.0,71.0,9.1,1014.9
2023-02-12,24.3,15.9,31.9,0.0,71.0,9.9,1012.4
2023-02-13,24.4,16.2,33.0,0.0,75.0,11.1,1015.0
2023-02-14,23.9,15.8,32.5,0.0,72.0,8.7,1014.7
2023-02-15,23.7,14.1,31.7,0.0,70.0,10.1,1013.4
2023-02-16,24.5,16.1,32.5,0.0,73.0,12.2,1013.3
2023-02-17,24.0,16.6,32.0,0.0,85.0,10.2,1014.0
2023-02-18,24.3,17.0,31.1,0.0,85.0,9.8,1014.0
2023-02-19,24.4,17.2,31.6,0.0,86.0,9.4,1014.3
2023-02-20,23.9,18.0,31.6,0.0,75.0,8.9,1014.7
2023-02-21,24.8,16.8,31.2,0.0,83.0,10.4,1014.6
2023-02-22,23.9,16.1,30.9,0.0,90.0,11.6,1014.0
2023-02-23,24.1,16.2,32.3,0.0,81.0,11.9,1014.0
2023-02-24,23.0,13.1,31.8,0.0,85.0,10.3,1014.7
2023-02-25,25.1,15.6,32.6,0.0,84.0,12.5,1016.2
2023-02-26,23.9,16.3,38.6,0.0,85.0,14.2,1017.3
2023-02-27,23.5,16.2,31.3,0.0,77.0,11.1,1017.5
2023-02-28,23.7,16.0,30.6,0.0,85.0,12.9,1017.1
2023-03-01,23.8,17.1,30.2,0.0,94.0,13.4,1017.0
2023-03-02,23.7,17.8,30.9,0.0,94.0,14.6,1018.0
2023-03-03,25.2,14.7,31.4,0.0,84.0,14.8,1018.2
2023-03-04,24.0,16.4,32.0,0.0,77.0,15.0,1018.0
2023-03-05,25.2,18.8,32.4,0.0,81.0,13.7,1017.3
2023-03-06,25.1,17.3,32.2,0.0,83.0,12.7,1016.0
2023-03-07,24.3,16.4,32.4,0.0,79.0,13.2,1015.2
2023-03-08,24.9,19.1,31.8,0.0,80.0,14.0,1015.0
2023-03-09,24.2,18.2,30.6,0.0,78.0,12.1,1014.6
2023-03-10,23.5,16.0,30.1,0.0,85.0,12.1,1014.3
2023-03-11,23.7,17.0,30.5,0.0,72.0,13.0,1014.0
2023-03-12,25.2,17.4,31.8,0.0,88.0,12.7,1014.1
2023-03-13,26.0,19.2,32.5,0.0,100.0,11.5,1012.9
2023-03-14,26.5,19.1,32.9,0.0,108.0,10.6,1011.3
2023-03-15,26.9,19.8,33.6,0.0,123.0,10.5,1010.6
2023-03-16,25.3,19.5,33.6,18.8,169.0,9.5,1012.1
2023-03-17,24.7,20.0,33.0,3.0,163.0,8.1,1014.0
2023-03-18,25.3,20.0,31.6,5.1,166.0,10.9,1011.8
2023-03-19,26.3,21.0,31.8,0.0,226.0,11.5,1011.0
2023-03-20,26.5,21.0,32.6,0.0,242.0,10.3,1010.0
2023-03-21,24.5,16.4,32.4,0.0,265.0,8.5,1010.0
2023-03-22,25.4,17.2,33.0,0.0,167.0,6.7,1010.5
2023-03-23,27.5,22.0,33.8,0.0,261.0,7.7,1010.3
2023-03-24,27.7,22.8,34.5,0.0,198.0,9.3,1010.6
2023-03-25,27.1,22.8,34.5,0.8,169.0,8.9,1012.3
2023-03-26,26.4,19.9,32.6,0.0,202.0,7.8,1011.4
2023-03-27,27.1,22.1,34.8,0.3,291.0,9.4,1010.7
2023-03-28,28.6,21.8,34.6,0.0,115.0,7.7,1010.8
2023-03-29,27.4,23.4,35.5,4.6,188.0,9.7,1012.2
2023-03-30,26.9,20.8,34.0,0.0,199.0,8.1,1011.9
2023-03-31,28.1,22.4,33.8,0.0,235.0,7.5,1010.7
2023-04-01,28.3,23.5,35.0,0.0,198.0,8.5,1011.0
2023-04-02,28.2,23.3,34.1,0.0,240.0,9.0,1010.1
2023-04-03,27.1,22.5,34.5,0.0,201.0,9.6,1010.1
2023-04-04,25.1,20.5,31.2,0.0,191.0,8.9,1012.0
2023-04-05,26.7,21.7,32.6,0.0,119.0,6.7,1010.9
2023-04-06,27.7,22.7,34.8,0.4,172.0,8.0,1011.8
2023-04-07,27.0,22.2,33.9,0.0,128.0,10.1,1013.0
2023-04-08,27.3,21.5,33.0,0.0,109.0,11.7,1014.3
2023-04-09,25.9,17.7,34.0,0.0,102.0,10.7,1014.6
2023-04-10,27.8,21.0,34.5,0.0,104.0,11.7,1013.6
2023-04-11,26.5,18.2,35.0,0.0,99.0,10.6,1013.4
2023-04-12,29.3,21.4,35.7,0.0,100.0,9.9,1012.9
2023-04-13,27.2,18.6,36.0,0.0,103.0,13.5,1012.3
2023-04-14,29.3,21.7,36.4,0.0,124.0,9.3,1012.1
2023-04-15,28.5,22.3,36.0,0.0,74.0,9.5,1011.5
2023-04-16,27.2,19.1,35.6,0.0,106.0,10.1,1010.3
2023-04-17,27.8,20.8,36.0,0.0,118.0,9.2,1010.5
2023-04-18,28.7,21.0,35.4,0.0,125.0,10.5,1011.4
2023-04-19,29.7,22.2,36.5,0.0,139.0,8.4,1009.6
2023-04-20,30.1,23.6,36.1,0.0,207.0,7.4,1007.6
2023-04-21,26.6,21.4,36.0,1.0,233.0,8.1,1007.8
2023-04-22,27.6,22.3,35.2,7.1,248.0,6.7,1008.0
2023-04-23,29.2,23.5,34.8,0.0,261.0,9.1,1008.5
2023-04-24,28.0,22.5,35.0,1.8,147.0,8.8,1010.0
2023-04-25,26.5,23.0,34.0,4.8,136.0,9.9,1011.3
2023-04-26,27.7,23.7,33.3,0.2,142.0,8.8,1010.7
2023-04-27,27.7,23.2,33.0,0.0,128.0,10.7,1010.5
2023-04-28,28.2,22.0,33.5,3.2,139.0,11.3,1011.2
2023-04-29,25.5,22.2,34.5,11.6,150.0,8.2,1011.2
2023-04-30,26.3,22.5,31.1,13.9,178.0,8.0,1009.9
2023-05-01,24.6,21.5,32.0,25.9,265.0,7.1,1010.0
2023-05-02,25.3,21.0,31.0,26.9,250.0,6.7,1010.2
2023-05-03,24.4,21.4,30.4,0.8,280.0,8.6,1011.6
2023-05-04,24.5,21.2,30.0,14.0,257.0,7.2,1010.6
2023-05-05,24.9,20.8,30.6,39.9,243.0,8.7,1009.9
2023-05-06,24.6,20.1,29.7,0.0,248.0,9.5,1009.7
2023-05-07,24.3,21.1,29.3,2.5,270.0,9.4,1010.3
2023-05-08,24.6,21.4,29.0,6.1,296.0,7.2,1009.7
2023-05-09,26.3,20.5,31.4,5.1,341.0,6.1,1009.8
2023-05-10,27.7,22.3,32.5,0.5,3.0,7.7,1008.8
2023-05-11,26.1,20.4,33.4,0.0,267.0,9.9,1010.3
2023-05-12,25.4,20.9,33.4,13.5,280.0,10.5,1010.1
2023-05-13,26.0,22.6,32.4,0.0,257.0,15.0,1011.2
2023-05-14,26.2,20.5,32.2,0.0,275.0,14.0,1009.8
2023-05-15,27.6,23.0,32.8,0.0,243.0,11.7,1010.2
2023-05-16,27.1,20.1,34.0,0.0,270.0,8.8,1011.2
2023-05-17,29.3,23.6,35.0,0.0,352.0,6.4,1011.1
2023-05-18,29.2,25.1,35.5,0.0,271.0,9.9,1012.3
2023-05-19,29.3,23.5,35.5,0.0,269.0,8.6,1011.1
2023-05-20,25.2,21.3,35.4,0.0,281.0,10.5,1011.2
2023-05-21,24.6,21.2,34.4,30.0,251.0,8.8,1011.9
2023-05-22,25.1,21.0,33.4,31.5,219.0,8.2,1012.6
2023-05-23,26.8,19.9,32.2,16.3,240.0,7.0,1012.9
2023-05-24,25.8,20.2,33.2,25.9,249.0,10.4,1013.1
2023-05-25,25.7,21.5,32.0,1.5,271.0,10.9,1013.4
2023-05-26,26.1,22.0,32.1,0.0,256.0,11.9,1013.3
2023-05-27,26.8,21.8,31.9,0.6,278.0,10.7,1011.8
2023-05-28,27.2,21.3,32.5,0.0,261.0,9.7,1010.6
2023-05-29,27.0,23.3,33.6,1.8,286.0,7.8,1010.6
2023-05-30,23.8,20.4,33.3,0.0,269.0,7.6,1011.7
2023-05-31,25.5,19.6,31.3,65.3,251.0,8.5,1010.9
2023-06-01,26.3,21.3,31.4,0.0,248.0,8.8,1010.8
2023-06-02,26.4,22.6,31.4,0.0,264.0,10.0,1010.6
2023-06-03,26.2,21.1,32.6,0.7,272.0,10.7,1010.4
2023-06-04,26.4,23.0,33.4,0.5,258.0,12.5,1010.8
2023-06-05,25.7,20.9,31.0,4.2,260.0,12.9,1010.0
2023-06-06,26.1,22.0,31.6,1.0,273.0,13.1,1009.5
2023-06-07,26.0,22.3,32.2,0.1,252.0,13.6,1009.7
2023-06-08,26.3,22.4,32.0,0.1,261.0,15.0,1009.8
2023-06-09,26.3,22.1,32.5,2.5,255.0,14.7,1008.9
2023-06-10,24.9,21.1,32.3,0.5,246.0,17.2,1008.5
2023-06-11,25.4,21.2,31.0,0.0,258.0,16.0,1008.4
2023-06-12,25.6,21.7,31.6,0.5,249.0,14.3,1008.7
2023-06-13,25.7,21.4,32.6,21.1,251.0,15.6,1009.1
2023-06-14,25.8,21.6,31.6,0.0,261.0,14.8,1010.9
2023-06-15,26.6,21.9,32.0,2.0,269.0,13.1,1010.7
2023-06-16,26.5,21.8,31.5,0.0,257.0,15.3,1009.8
2023-06-17,26.4,22.0,32.1,1.4,269.0,13.8,1009.9
2023-06-18,24.6,22.6,31.5,3.2,268.0,15.4,1009.8
2023-06-19,24.9,21.7,28.4,0.0,274.0,12.0,1008.8
2023-06-20,22.8,20.8,28.2,1.8,265.0,10.5,1008.3
2023-06-21,23.6,21.6,27.6,18.8,258.0,11.1,1008.9
2023-06-22,25.2,21.0,29.4,3.0,269.0,10.4,1009.4
2023-06-23,24.6,21.2,30.7,7.6,262.0,12.4,1009.4
2023-06-24,23.5,21.0,29.1,0.3,251.0,16.1,1008.9
2023-06-25,24.4,20.9,29.1,0.5,253.0,14.6,1008.8
2023-06-26,24.1,21.1,29.1,7.1,263.0,15.6,1009.5
2023-06-27,23.9,20.4,29.0,0.0,253.0,14.2,1010.1
2023-06-28,24.1,20.3,29.4,2.0,257.0,15.2,1010.7
2023-06-29,23.6,20.6,29.0,0.0,254.0,15.6,1011.4
2023-06-30,25.1,21.0,29.4,2.0,260.0,16.2,1011.0
2023-07-01,25.6,21.4,30.4,0.0,266.0,14.4,1011.2
2023-07-02,23.9,20.5,30.8,0.0,272.0,15.2,1010.8
2023-07-03,23.8,20.3,29.0,18.3,270.0,16.7,1009.4
2023-07-04,22.7,20.3,30.1,4.1,253.0,20.0,1007.4
2023-07-05,22.6,20.2,27.1,1.3,258.0,18.9,1006.6
2023-07-06,22.7,20.5,26.9,0.3,244.0,18.3,1009.1
2023-07-07,22.7,20.6,26.9,0.3,249.0,18.4,1010.8
2023-07-08,22.0,20.5,27.5,7.9,248.0,15.6,1011.8
2023-07-09,23.9,20.9,27.9,7.6,258.0,13.9,1011.2
2023-07-10,23.4,21.2,27.3,1.0,258.0,11.4,1010.6
2023-07-11,22.7,20.0,28.5,10.4,264.0,12.4,1010.2
2023-07-12,23.1,20.3,27.4,15.0,257.0,11.7,1009.8
2023-07-13,22.6,19.7,28.2,11.9,248.0,13.8,1010.1
2023-07-14,23.2,20.1,27.2,24.9,256.0,15.5,1011.1
2023-07-15,24.2,20.4,28.4,1.3,267.0,14.7,1011.1
2023-07-16,24.0,21.4,29.1,2.0,263.0,13.4,1010.5
2023-07-17,23.8,21.0,28.5,0.0,257.0,16.5,1009.9
2023-07-18,24.1,20.6,28.1,0.3,257.0,20.8,1008.9
2023-07-19,23.4,20.8,28.8,0.0,262.0,23.1,1007.7
2023-07-20,24.2,20.7,28.0,0.0,256.0,24.3,1007.7
2023-07-21,23.8,21.5,28.7,1.3,261.0,23.5,1008.8
2023-07-22,22.9,21.4,28.4,0.0,261.0,22.9,1010.2
2023-07-23,22.5,20.2,26.7,0.3,260.0,19.7,1010.6
2023-07-24,21.2,19.9,26.6,7.1,258.0,20.4,1009.9
2023-07-25,21.6,20.2,24.9,7.1,255.0,18.0,1010.3
2023-07-26,21.1,19.4,24.5,12.2,256.0,16.6,1011.4
2023-07-27,23.4,18.8,29.2,6.9,258.0,19.0,1011.2
2023-07-28,23.2,19.2,27.5,0.0,266.0,18.1,1011.0
2023-07-29,22.7,20.1,28.4,2.0,272.0,18.3,1011.0
2023-07-30,24.2,19.8,28.4,0.5,273.0,16.4,1010.7
2023-07-31,24.5,20.8,29.2,0.0,268.0,17.5,1010.5
2023-08-01,24.1,20.8,29.3,0.0,261.0,19.7,1010.5
2023-08-02,24.0,18.5,28.2,0.0,259.0,20.5,1011.2
2023-08-03,24.0,20.2,28.3,0.3,263.0,19.7,1010.7
2023-08-04,24.4,20.2,29.2,0.0,264.0,17.0,1012.6
2023-08-05,24.4,20.4,30.1,0.0,262.0,16.4,1013.6
2023-08-06,24.2,21.2,29.0,0.3,267.0,13.6,1012.6
2023-08-07,24.3,20.6,29.8,2.3,266.0,14.4,1010.8
2023-08-08,24.2,20.5,29.6,0.0,269.0,12.1,1011.2
2023-08-09,25.2,20.8,29.0,1.3,279.0,10.5,1012.5
2023-08-10,25.4,21.8,30.4,0.0,286.0,9.1,1013.0
2023-08-11,25.6,22.0,30.0,0.1,297.0,8.7,1011.6
2023-08-12,26.1,22.3,30.4,0.0,280.0,13.0,1011.3
2023-08-13,25.2,21.0,31.3,0.5,279.0,11.5,1011.1
2023-08-14,25.4,19.8,30.4,0.5,277.0,9.2,1011.3
2023-08-15,25.9,21.0,30.0,0.0,250.0,11.0,1011.4
2023-08-16,26.3,21.0,31.0,0.0,260.0,10.9,1011.7
2023-08-17,25.7,21.8,31.8,0.0,266.0,14.0,1011.8
2023-08-18,24.6,21.2,31.0,0.0,263.0,15.8,1010.4
2023-08-19,23.1,19.8,29.5,0.0,264.0,16.2,1010.3
2023-08-20,24.6,20.2,29.0,8.1,275.0,14.0,1009.8
2023-08-21,25.3,20.9,30.5,0.0,283.0,10.4,1009.5
2023-08-22,26.0,21.8,30.8,1.1,269.0,7.9,1009.5
2023-08-23,26.1,22.0,31.0,0.0,272.0,9.0,1009.7
2023-08-24,24.9,21.6,31.6,0.0,272.0,10.9,1009.7
2023-08-25,25.3,19.3,31.0,0.0,260.0,10.3,1009.9
2023-08-26,26.2,21.8,32.2,2.1,264.0,11.1,1011.2
2023-08-27,26.1,22.2,31.8,1.2,280.0,10.5,1011.8
2023-08-28,27.2,21.9,31.8,0.0,280.0,10.2,1010.9
2023-08-29,26.1,22.6,32.6,2.0,275.0,12.4,1010.4
2023-08-30,25.0,19.5,31.8,12.8,275.0,10.4,1010.8
2023-08-31,25.1,19.9,32.5,0.5,271.0,7.5,1010.8
2023-09-01,24.8,19.9,31.0,88.9,301.0,8.3,1010.6
2023-09-02,24.8,22.2,29.5,0.0,266.0,10.0,1012.1
2023-09-03,24.3,21.4,29.6,1.8,273.0,11.5,1009.1
2023-09-04,22.6,21.0,28.1,0.3,273.0,16.6,1008.2
2023-09-05,22.7,20.6,26.4,0.0,274.0,14.1,1008.2
2023-09-06,23.3,20.4,27.4,25.1,257.0,14.5,1008.8
2023-09-07,24.1,21.3,29.0,0.0,251.0,15.0,1009.6
2023-09-08,24.0,21.0,29.0,4.3,245.0,17.3,1010.3
2023-09-09,25.1,20.8,29.0,0.0,257.0,15.5,1009.9
2023-09-10,24.5,21.2,30.5,5.7,265.0,15.6,1009.5
2023-09-11,24.1,21.2,29.5,2.5,263.0,14.6,1009.8
2023-09-12,23.7,20.0,29.0,0.5,271.0,14.3,1010.3
2023-09-13,23.7,19.2,30.3,1.5,261.0,13.9,1010.4
2023-09-14,23.3,20.0,29.3,0.8,258.0,14.8,1010.3
2023-09-15,23.8,20.8,27.7,0.0,253.0,16.7,1010.5
2023-09-16,23.8,21.2,27.8,1.5,259.0,15.1,1010.8
2023-09-17,24.5,21.3,28.8,0.0,268.0,13.1,1010.5
2023-09-18,23.5,20.5,29.5,9.1,254.0,12.5,1010.4
2023-09-19,25.9,21.0,29.6,22.1,260.0,12.3,1011.6
2023-09-20,23.9,20.8,30.0,1.3,256.0,10.7,1011.6
2023-09-21,23.8,20.8,30.0,10.7,254.0,9.0,1011.7
2023-09-22,24.7,20.6,30.0,20.3,257.0,8.1,1011.7
2023-09-23,25.4,21.4,30.0,1.3,254.0,9.2,1011.6
2023-09-24,24.6,19.9,28.4,6.1,264.0,11.4,1011.9
2023-09-25,23.1,21.3,30.0,6.1,268.0,11.3,1010.8
2023-09-26,22.7,21.0,28.5,22.6,263.0,21.6,1010.1
2023-09-27,24.1,19.6,27.4,1.8,252.0,12.6,1010.0
2023-09-28,23.0,19.0,27.7,0.0,239.0,14.5,1009.9
2023-09-29,23.9,19.8,27.5,5.1,239.0,16.6,1010.1
2023-09-30,23.3,19.7,27.0,0.0,236.0,17.1,1010.7
2023-10-01,24.0,21.1,28.1,0.5,239.0,19.1,1010.1
2023-10-02,24.5,20.2,29.3,0.0,260.0,19.2,1010.9
2023-10-03,24.9,20.4,29.7,0.0,267.0,10.2,1011.9
2023-10-04,25.2,21.0,29.8,0.2,277.0,8.6,1012.3
2023-10-05,25.9,21.7,30.1,0.0,291.0,7.6,1011.9
2023-10-06,24.3,20.1,29.0,1.6,278.0,7.6,1011.0
2023-10-07,24.7,20.1,29.3,1.0,294.0,7.7,1011.1
2023-10-08,24.2,20.1,29.3,5.8,208.0,6.5,1012.8
2023-10-09,23.3,19.4,29.8,14.0,216.0,6.1,1014.4
2023-10-10,24.3,19.2,28.8,66.0,280.0,5.5,1013.7
2023-10-11,23.4,21.3,29.7,1.0,283.0,6.6,1013.4
2023-10-12,23.9,19.4,28.6,4.6,92.0,6.8,1013.9
2023-10-13,24.0,17.4,30.4,0.0,59.0,7.5,1014.6
2023-10-14,23.8,18.7,30.0,0.0,77.0,7.3,1014.4
2023-10-15,25.0,19.4,29.2,1.0,117.0,6.6,1013.2
2023-10-16,24.7,19.9,30.0,0.0,107.0,9.5,1012.9
2023-10-17,24.6,20.5,29.9,2.6,95.0,7.7,1013.8
2023-10-18,24.2,18.6,29.9,0.0,85.0,9.8,1014.3
2023-10-19,24.3,18.4,30.3,0.0,79.0,8.9,1014.4
2023-10-20,24.3,17.9,30.8,0.0,86.0,9.1,1014.0
2023-10-21,24.4,19.0,30.3,0.2,84.0,9.6,1014.4
2023-10-22,24.8,18.7,30.7,0.0,59.0,7.5,1014.3
2023-10-23,23.8,18.1,30.0,0.0,36.0,7.2,1013.7
2023-10-24,23.3,16.5,30.8,0.0,25.0,7.5,1013.3
2023-10-25,23.5,16.5,30.8,0.0,59.0,7.3,1014.7
2023-10-26,23.6,16.5,29.7,0.0,61.0,7.7,1014.5
2023-10-27,24.1,17.8,30.1,0.0,79.0,9.9,1013.6
2023-10-28,24.6,20.2,30.6,0.0,94.0,9.9,1013.3
2023-10-29,23.7,20.1,29.5,5.0,95.0,10.5,1013.8
2023-10-30,23.0,19.5,29.1,2.5,104.0,10.8,1013.6
2023-10-31,22.8,18.9,28.8,4.1,83.0,10.0,1014.3
2023-11-01,23.4,18.9,28.6,1.0,83.0,9.4,1014.2
2023-11-02,23.3,18.3,28.8,1.3,79.0,9.5,1013.4
2023-11-03,24.5,21.2,30.0,0.0,88.0,10.1,1012.1
2023-11-04,23.5,20.8,31.3,2.3,84.0,8.8,1012.1
2023-11-05,24.1,20.8,29.0,1.8,100.0,7.9,1013.6
2023-11-06,23.7,19.0,29.0,0.0,140.0,5.3,1014.8
2023-11-07,21.8,19.1,28.7,71.1,87.0,5.6,1014.8
2023-11-08,23.4,20.5,27.1,29.2,90.0,7.7,1014.4
2023-11-09,23.1,20.6,28.2,0.0,90.0,9.6,1015.0
2023-11-10,22.9,19.5,27.2,0.2,82.0,11.2,1015.9
2023-11-11,22.4,17.0,29.0,0.0,76.0,11.1,1016.1
2023-11-12,21.7,15.7,27.5,0.0,64.0,11.4,1016.1
2023-11-13,21.9,16.0,27.3,0.0,56.0,11.3,1015.4
2023-11-14,20.5,18.4,23.6,0.1,54.0,11.9,1015.4
2023-11-15,23.2,19.4,27.4,0.0,53.0,10.2,1014.4
2023-11-16,23.5,18.2,29.0,0.0,58.0,7.8,1014.2
2023-11-17,23.5,18.5,29.6,0.0,91.0,9.4,1014.6
2023-11-18,23.8,18.6,29.1,0.0,78.0,11.3,1014.3
2023-11-19,23.0,17.1,29.0,0.0,77.0,12.8,1014.6
2023-11-20,22.5,17.1,28.6,0.1,60.0,11.2,1014.4
2023-11-21,22.7,18.7,28.5,1.8,49.0,11.1,1013.4
2023-11-22,22.9,19.9,27.8,4.5,60.0,8.2,1013.0
2023-11-23,22.5,19.4,27.0,0.5,105.0,10.5,1012.5
2023-11-24,22.2,19.5,27.1,5.3,102.0,10.8,1013.0
2023-11-25,22.3,20.2,27.0,0.0,87.0,13.4,1014.3
2023-11-26,22.9,18.8,26.7,0.0,87.0,14.3,1015.1
2023-11-27,22.6,19.4,27.2,0.0,97.0,13.0,1013.7
2023-11-28,22.3,18.3,27.2,1.6,101.0,10.3,1013.2
2023-11-29,22.3,18.7,27.4,0.6,78.0,10.5,1013.3
2023-11-30,22.3,18.3,26.8,1.0,91.0,11.5,1013.9
2023-12-01,22.7,19.9,28.3,0.0,71.0,9.8,1013.3
2023-12-02,22.2,17.0,27.7,0.0,45.0,11.0,1011.8
2023-12-03,21.8,20.4,27.4,0.3,27.0,13.6,1011.5
2023-12-04,21.8,20.2,24.5,0.5,347.0,13.8,1010.1
2023-12-05,22.2,19.4,26.5,0.0,311.0,10.6,1009.4
2023-12-06,22.9,16.8,29.0,0.0,296.0,6.1,1011.4
2023-12-07,23.5,18.8,28.6,0.2,127.0,6.3,1012.4
2023-12-08,23.1,19.7,27.9,4.3,103.0,8.5,1013.3
2023-12-09,22.9,20.0,27.1,2.7,91.0,9.9,1014.6
2023-12-10,23.0,18.7,28.1,0.0,89.0,10.4,1013.8
2023-12-11,22.7,17.8,27.4,0.0,83.0,9.6,1014.1
2023-12-12,22.3,18.8,27.6,0.0,74.0,9.5,1013.5
2023-12-13,20.9,15.9,26.6,0.0,67.0,10.6,1014.3
2023-12-14,20.9,16.4,25.9,0.0,87.0,10.8,1015.6
2023-12-15,21.4,16.1,28.5,0.0,74.0,10.0,1015.5
2023-12-16,22.2,19.4,27.3,1.0,75.0,11.2,1014.8
2023-12-17,21.6,18.2,25.9,0.1,75.0,12.9,1014.6
2023-12-18,21.1,18.4,26.0,0.0,79.0,12.3,1015.3
2023-12-19,21.3,17.5,26.5,0.0,69.0,10.7,1016.2
2023-12-20,21.2,16.8,26.7,0.0,79.0,11.0,1016.0
2023-12-21,21.4,16.8,27.8,0.0,82.0,9.0,1015.5
2023-12-22,22.1,17.3,28.4,0.0,63.0,7.6,1015.6
2023-12-23,20.9,15.8,27.8,0.0,82.0,9.1,1016.3
2023-12-24,21.0,13.6,29.0,0.0,84.0,11.0,1017.5
2023-12-25,21.8,17.4,28.4,0.0,79.0,15.5,1016.8
2023-12-26,20.8,14.5,27.7,0.0,79.0,11.8,1017.2
2023-12-27,20.8,15.2,28.0,0.0,82.0,11.7,1017.5
2023-12-28,21.2,15.1,27.8,0.0,86.0,11.5,1016.3
2023-12-29,21.2,16.6,27.6,0.0,88.0,11.7,1016.3
2023-12-30,21.7,17.1,29.0,0.0,96.0,10.5,1015.6
2023-12-31,21.1,16.4,27.7,0.0,97.0,10.2,1015.3
2024-01-01,21.7,15.9,28.2,0.0,100.0,10.2,1015.3
2024-01-02,21.5,18.0,27.1,0.0,95.0,11.9,1014.8
2024-01-03,21.2,16.0,26.8,0.0,91.0,10.6,1014.4
2024-01-04,21.4,18.0,25.0,0.0,95.0,11.1,1014.2
2024-01-05,22.3,18.9,25.8,0.0,109.0,10.9,1014.1
2024-01-06,22.2,19.0,28.6,0.2,103.0,11.9,1014.2
2024-01-07,22.2,16.5,29.2,0.0,90.0,11.5,1014.8
2024-01-08,20.5,18.6,23.7,8.8,88.0,14.2,1015.5
2024-01-09,21.4,18.4,26.2,0.5,89.0,13.8,1015.5
2024-01-10,20.9,16.5,26.4,0.0,93.0,12.0,1015.6
2024-01-11,21.7,16.8,29.2,0.0,85.0,11.6,1015.8
2024-01-12,21.1,15.5,27.6,0.0,89.0,12.9,1015.7
2024-01-13,21.5,15.7,27.9,0.0,85.0,9.2,1016.0
2024-01-14,21.9,16.6,29.0,0.0,77.0,8.8,1015.5
2024-01-15,21.6,15.3,28.2,0.0,85.0,8.2,1014.8
2024-01-16,21.5,15.4,28.1,0.0,96.0,8.5,1013.6
2024-01-17,21.7,15.2,28.2,0.0,119.0,8.7,1013.3
2024-01-18,21.9,15.7,28.6,0.0,132.0,8.4,1013.6
2024-01-19,22.6,16.4,29.3,0.0,98.0,8.7,1014.0
2024-01-20,22.5,15.8,29.0,0.0,107.0,9.9,1015.1
2024-01-21,22.8,16.5,30.0,0.0,101.0,8.7,1015.0
2024-01-22,23.0,16.2,29.8,0.0,110.0,8.9,1015.8
2024-01-23,22.6,15.6,29.0,0.0,123.0,8.2,1015.4
2024-01-24,22.8,17.0,29.8,0.0,155.0,8.7,1014.9
2024-01-25,23.0,17.4,28.6,0.0,115.0,9.3,1015.9
2024-01-26,22.0,16.7,28.0,0.0,98.0,11.8,1017.7
2024-01-27,21.9,16.6,28.0,0.0,92.0,11.9,1018.0
2024-01-28,21.5,15.6,28.1,0.0,95.0,11.4,1017.6
2024-01-29,21.6,15.6,28.0,0.0,79.0,10.4,1017.0
2024-01-30,21.8,14.3,29.6,0.0,86.0,7.6,1015.9
2024-01-31,23.0,16.6,30.6,0.0,141.0,8.5,1015.8
2024-02-01,23.6,18.0,30.0,0.0,181.0,7.3,1015.9
2024-02-02,24.0,17.9,30.6,0.0,139.0,7.8,1015.4
2024-02-03,24.2,18.9,30.3,0.0,110.0,10.1,1016.0
2024-02-04,23.3,16.9,30.0,0.0,93.0,10.9,1017.8
2024-02-05,23.4,15.6,31.2,0.0,90.0,10.4,1017.8
2024-02-06,24.0,15.4,31.8,0.0,81.0,11.1,1017.1
2024-02-07,24.4,16.5,33.0,0.0,78.0,11.3,1016.9
2024-02-08,24.7,16.6,33.6,0.0,79.0,10.4,1015.6
2024-02-09,24.4,16.3,31.8,0.0,97.0,10.7,1016.0
2024-02-10,23.4,16.3,30.6,0.0,97.0,11.2,1017.6
2024-02-11,23.0,16.6,30.0,0.0,96.0,12.0,1018.1
2024-02-12,23.1,15.1,31.0,0.0,86.0,11.0,1017.2
2024-02-13,23.1,16.2,30.1,0.0,95.0,10.5,1017.0
2024-02-14,23.5,17.1,30.3,0.0,95.0,11.7,1016.2
2024-02-15,23.4,16.8,30.4,0.0,92.0,12.1,1015.9
2024-02-16,23.0,16.1,29.6,0.0,94.0,13.3,1016.6
2024-02-17,24.0,16.4,31.0,0.0,86.0,11.2,1015.1
2024-02-18,24.6,16.7,32.0,0.0,91.0,9.8,1013.9
2024-02-19,24.4,16.5,32.4,0.0,97.0,9.6,1014.5
2024-02-20,25.1,18.2,32.0,0.0,104.0,7.9,1014.2
2024-02-21,25.6,18.6,32.1,0.0,180.0,8.1,1013.1
2024-02-22,26.0,19.0,32.6,0.0,253.0,7.4,1013.1
2024-02-23,26.2,18.3,32.7,0.0,269.0,6.8,1012.7
2024-02-24,26.0,19.5,32.0,0.0,145.0,9.1,1012.5
2024-02-25,25.6,19.9,32.0,0.0,113.0,12.2,1012.4
2024-02-26,24.0,17.8,30.2,0.0,102.0,14.6,1013.5
2024-02-27,24.1,18.1,31.1,0.0,97.0,12.5,1014.3
2024-02-28,24.8,16.7,32.6,0.0,93.0,11.8,1013.6
2024-02-29,24.6,15.8,33.0,0.0,91.0,13.9,1014.1
2024-03-01,24.6,16.6,31.8,0.0,104.0,12.2,1015.1
2024-03-02,25.1,16.4,32.0,0.0,113.0,11.3,1014.4
2024-03-03,25.5,18.4,32.6,0.0,119.0,8.8,1013.4
2024-03-04,26.6,18.4,34.3,0.0,122.0,9.4,1012.8
2024-03-05,26.8,18.7,34.8,0.0,119.0,9.5,1013.0
2024-03-06,26.9,18.7,34.1,0.0,159.0,8.5,1013.2
2024-03-07,27.0,19.6,34.3,0.0,147.0,8.4,1012.5
2024-03-08,27.1,20.0,33.6,0.0,184.0,8.7,1012.6
2024-03-09,27.6,19.8,34.0,0.0,134.0,8.5,1012.8
2024-03-10,27.0,20.6,33.0,0.0,120.0,9.4,1014.4
2024-03-11,27.1,19.9,33.6,0.0,109.0,10.4,1015.9
2024-03-12,27.2,19.8,34.8,0.0,120.0,10.2,1014.8
2024-03-13,27.6,20.6,33.5,0.0,154.0,8.0,1013.7
2024-03-14,27.9,20.6,33.6,0.0,265.0,7.0,1013.5
2024-03-15,28.3,21.6,34.5,0.0,170.0,10.2,1012.3
2024-03-16,27.9,21.5,34.9,0.0,134.0,9.7,1012.9
2024-03-17,27.1,19.9,33.8,0.0,128.0,11.1,1013.2
2024-03-18,27.1,20.1,33.7,0.0,134.0,9.3,1012.9
2024-03-19,27.1,19.7,34.0,0.0,132.0,9.4,1012.4
2024-03-20,27.4,19.7,35.0,0.0,117.0,9.7,1012.0
2024-03-21,25.9,19.5,32.3,0.0,101.0,12.5,1012.8
2024-03-22,26.8,19.8,33.9,0.0,89.0,10.0,1011.1
2024-03-23,27.2,18.9,34.2,0.0,107.0,10.1,1011.0
2024-03-24,27.5,19.2,34.8,0.0,128.0,11.0,1012.6
2024-03-25,27.4,18.9,34.5,0.0,114.0,11.3,1012.8
2024-03-26,27.4,19.1,34.6,0.0,106.0,11.9,1013.4
2024-03-27,26.7,18.2,34.2,0.0,116.0,11.5,1015.0
2024-03-28,27.7,19.2,34.9,0.0,120.0,12.9,1013.3
2024-03-29,28.2,20.8,35.9,0.0,135.0,13.9,1012.4
2024-03-30,28.2,21.6,35.6,0.0,128.0,12.9,1013.2
2024-03-31,27.4,20.3,34.9,0.0,137.0,11.7,1013.9
2024-04-01,28.0,20.2,35.9,0.0,137.0,9.8,1011.5
2024-04-02,29.0,22.2,36.8,0.0,130.0,11.7,1010.0
2024-04-03,29.0,21.4,36.3,0.0,142.0,10.8,1010.7
2024-04-04,29.1,21.5,36.0,0.0,132.0,9.6,1011.2
2024-04-05,29.5,21.7,37.0,0.0,145.0,9.5,1010.7
2024-04-06,29.9,21.8,37.1,0.0,138.0,10.4,1009.4
2024-04-07,29.5,22.2,36.6,0.0,164.0,10.2,1009.4
2024-04-08,29.4,21.6,36.8,0.0,148.0,10.1,1010.1
2024-04-09,28.3,20.0,34.7,0.0,123.0,11.8,1011.4
2024-04-10,28.1,19.2,35.3,0.0,109.0,11.8,1011.4
2024-04-11,28.4,20.1,35.5,0.0,121.0,10.9,1011.4
2024-04-12,27.5,21.9,33.7,0.1,117.0,12.6,1011.9
2024-04-13,27.6,21.3,34.2,0.0,113.0,16.4,1012.0
2024-04-14,28.2,20.8,34.9,0.0,107.0,10.8,1012.5
2024-04-15,28.5,20.4,35.5,0.0,104.0,11.8,1012.6
2024-04-16,28.4,19.7,35.8,0.0,122.0,12.7,1011.7
2024-04-17,29.7,22.0,37.2,0.0,149.0,11.8,1010.4
2024-04-18,30.5,22.9,37.7,0.0,139.0,11.6,1009.4
2024-04-19,30.7,23.7,37.7,0.0,172.0,8.3,1008.1
2024-04-20,29.5,23.9,36.9,0.0,239.0,9.5,1008.6
2024-04-21,30.1,22.8,36.6,0.0,72.0,9.5,1008.8
2024-04-22,30.1,23.1,36.7,0.0,157.0,9.5,1009.4
2024-04-23,29.9,22.2,36.9,0.0,131.0,9.5,1008.7
2024-04-24,29.5,22.2,36.4,0.0,137.0,11.0,1008.6
2024-04-25,30.1,22.4,36.9,0.0,102.0,10.3,1008.5
2024-04-26,30.2,22.9,36.6,0.0,122.0,10.8,1008.5
2024-04-27,29.9,22.0,37.6,0.0,117.0,9.9,1008.6
2024-04-28,30.4,22.4,37.9,0.0,108.0,9.9,1008.9
2024-04-29,30.3,23.0,37.1,0.0,136.0,8.6,1010.2
2024-04-30,30.9,23.2,38.0,0.0,128.0,9.4,1008.9
2024-05-01,31.1,23.0,39.5,0.0,225.0,10.6,1006.9
2024-05-02,31.1,24.6,37.8,0.0,226.0,8.7,1007.4
2024-05-03,27.8,24.4,38.2,0.0,230.0,8.8,1008.5
2024-05-04,29.5,23.3,37.0,17.0,246.0,10.8,1009.2
2024-05-05,30.3,24.1,37.6,0.0,237.0,11.3,1007.9
2024-05-06,29.4,22.0,37.9,0.2,215.0,10.0,1008.5
2024-05-07,28.0,21.3,36.3,19.6,232.0,9.5,1010.3
2024-05-08,25.5,21.7,33.8,0.0,68.0,8.0,1010.3
2024-05-09,27.8,20.2,34.2,18.0,124.0,7.2,1009.6
2024-05-10,27.2,22.0,33.6,14.0,177.0,8.0,1010.8
2024-05-11,27.4,21.0,31.9,1.5,165.0,6.8,1010.9
2024-05-12,26.5,21.1,33.2,0.0,129.0,6.0,1011.2
2024-05-13,25.3,21.0,33.6,14.0,91.0,6.2,1010.5
2024-05-14,25.8,20.2,30.4,25.9,114.0,5.6,1011.3
2024-05-15,27.0,23.2,31.4,0.0,70.0,8.7,1011.1
2024-05-16,25.3,21.3,30.2,0.4,129.0,5.8,1011.4
2024-05-17,24.7,22.1,30.5,19.1,350.0,5.7,1010.3
2024-05-18,25.0,22.0,29.2,0.0,274.0,4.1,1009.0
2024-05-19,24.0,20.9,29.3,30.2,2.0,4.2,1007.2
2024-05-20,24.7,22.0,28.6,18.0,296.0,4.5,1007.1
2024-05-21,25.7,21.7,30.0,2.0,24.0,7.0,1006.8
2024-05-22,26.6,22.1,31.6,0.0,55.0,9.1,1005.6
2024-05-23,27.6,23.2,32.4,0.3,44.0,7.1,1004.5
2024-05-24,26.3,22.2,33.4,0.0,286.0,7.6,1004.9
2024-05-25,25.1,21.6,32.0,1.0,274.0,13.8,1005.8
2024-05-26,25.2,21.6,30.7,0.0,274.0,15.9,1006.6
2024-05-27,25.7,20.7,30.6,0.0,267.0,16.4,1006.8
2024-05-28,26.0,21.5,32.1,0.0,260.0,15.0,1007.3
2024-05-29,26.1,20.7,31.3,0.0,264.0,13.7,1007.1
2024-05-30,26.3,21.8,32.4,10.0,274.0,12.1,1007.9
2024-05-31,27.4,21.7,34.4,1.2,306.0,9.9,1008.1
2024-06-01,25.8,21.6,32.8,8.1,275.0,10.8,1008.8
2024-06-02,24.3,20.4,33.8,30.0,273.0,8.5,1009.3
2024-06-03,24.9,19.3,31.8,111.0,269.0,8.4,1009.9
2024-06-04,26.2,21.9,30.8,0.0,252.0,7.7,1010.6
2024-06-05,25.1,21.3,31.4,0.5,260.0,7.3,1011.0
2024-06-06,24.3,21.6,31.2,6.1,256.0,8.5,1011.4
2024-06-07,24.0,21.8,29.6,5.1,233.0,11.0,1009.9
2024-06-08,24.7,21.4,29.0,14.5,235.0,16.2,1009.2
2024-06-09,22.9,20.8,29.6,0.0,237.0,18.1,1009.0
2024-06-10,24.2,21.2,29.6,8.9,254.0,17.0,1009.5
2024-06-11,24.0,21.6,28.2,3.0,252.0,17.6,1009.8
2024-06-12,24.4,21.5,29.2,3.0,260.0,16.9,1011.1
2024-06-13,23.5,21.2,29.0,0.0,258.0,14.1,1011.3
2024-06-14,24.9,21.0,29.6,4.1,267.0,14.4,1009.7
2024-06-15,25.4,21.1,29.9,0.0,259.0,13.1,1009.0
2024-06-16,24.5,20.0,29.4,0.5,252.0,12.7,1009.6
2024-06-17,24.5,20.5,29.8,0.7,248.0,12.1,1009.7
2024-06-18,24.1,20.3,29.4,5.0,252.0,13.1,1009.7
2024-06-19,24.1,20.4,29.8,3.6,256.0,13.2,1008.6
2024-06-20,24.2,22.0,31.0,0.0,249.0,15.5,1008.5
2024-06-21,24.9,20.8,30.8,14.0,257.0,15.8,1008.7
2024-06-22,24.1,20.2,28.7,0.0,258.0,15.9,1006.7
2024-06-23,23.7,20.2,28.4,1.3,244.0,15.8,1005.9
2024-06-24,24.5,20.9,30.3,0.0,243.0,18.6,1005.6
2024-06-25,24.1,21.1,29.0,1.2,242.0,19.0,1005.5
2024-06-26,23.9,21.5,29.9,0.3,241.0,21.0,1006.1
2024-06-27,23.3,21.4,27.8,0.0,244.0,19.3,1007.7
2024-06-28,24.2,21.3,29.0,0.0,241.0,17.3,1008.4
2024-06-29,24.9,21.1,29.7,1.0,242.0,15.2,1009.3
2024-06-30,23.8,21.8,29.7,0.0,244.0,14.0,1010.3
2024-07-01,23.5,21.8,27.8,3.0,244.0,15.8,1010.2
2024-07-02,24.5,21.3,29.0,2.0,249.0,17.6,1008.8
2024-07-03,24.3,21.8,28.4,0.0,249.0,14.7,1009.2
2024-07-04,24.3,21.4,28.8,3.0,257.0,14.2,1010.7
2024-07-05,24.4,21.4,28.6,0.0,243.0,15.7,1009.0
2024-07-06,24.0,20.4,29.5,2.0,246.0,18.2,1008.0
2024-07-07,23.5,21.2,27.8,0.0,252.0,16.2,1008.1
2024-07-08,22.7,20.2,27.6,1.0,249.0,15.3,1007.7
2024-07-09,22.8,19.8,26.4,22.1,256.0,15.4,1008.3
2024-07-10,24.3,20.2,29.2,0.0,251.0,13.8,1010.9
2024-07-11,25.2,21.5,30.2,0.0,259.0,13.1,1010.2
2024-07-12,23.2,19.8,30.2,12.0,261.0,14.5,1008.9
2024-07-13,23.1,20.4,27.5,1.2,258.0,17.9,1008.5
2024-07-14,22.4,20.6,25.0,2.1,256.0,18.8,1007.0
2024-07-15,21.1,20.3,23.3,2.0,246.0,19.5,1006.3
2024-07-16,22.1,20.2,24.4,8.9,249.0,19.6,1006.6
2024-07-17,23.2,20.0,26.6,0.3,251.0,19.1,1007.9
2024-07-18,21.8,20.5,27.6,0.3,247.0,20.6,1009.6
2024-07-19,21.0,20.2,27.0,5.1,252.0,20.4,1007.0
2024-07-20,22.7,19.8,26.0,3.0,254.0,21.8,1007.4
2024-07-21,22.7,20.6,26.6,0.0,251.0,21.8,1008.0
2024-07-22,22.9,20.2,26.2,5.3,263.0,20.6,1009.7
2024-07-23,23.3,21.0,27.2,0.3,257.0,20.6,1010.4
2024-07-24,22.0,20.2,27.0,1.0,260.0,19.1,1008.8
2024-07-25,22.4,20.2,27.8,4.1,255.0,21.2,1007.4
2024-07-26,23.0,21.1,26.9,0.5,268.0,20.9,1007.6
2024-07-27,23.7,20.4,27.4,2.0,269.0,22.3,1008.2
2024-07-28,22.8,21.2,28.3,0.0,264.0,23.4,1006.9
2024-07-29,24.0,21.0,28.1,0.0,253.0,19.5,1006.1
2024-07-30,22.1,21.0,28.1,1.0,248.0,19.3,1008.9
2024-07-31,22.8,20.2,26.3,6.1,253.0,17.0,1010.5
2024-08-01,22.9,20.0,27.2,27.9,252.0,16.3,1010.5
2024-08-02,23.2,20.6,27.0,3.0,260.0,17.1,1010.3
2024-08-03,23.1,20.2,27.5,0.0,254.0,16.3,1011.1
2024-08-04,24.1,20.4,27.8,0.0,256.0,14.0,1011.2
2024-08-05,22.8,19.2,28.4,9.5,263.0,11.7,1011.3
2024-08-06,22.4,20.4,29.4,39.9,270.0,10.8,1010.4
2024-08-07,22.7,20.3,29.2,1.8,267.0,10.3,1010.4
2024-08-08,23.4,20.8,27.7,6.1,277.0,11.9,1011.1
2024-08-09,24.3,20.5,28.0,0.0,287.0,11.7,1011.4
2024-08-10,23.8,21.0,29.2,4.1,292.0,9.4,1011.2
2024-08-11,25.7,21.4,29.8,0.5,322.0,10.0,1009.3
2024-08-12,23.8,20.1,29.0,14.4,333.0,10.6,1008.3
2024-08-13,26.0,22.4,29.5,0.8,48.0,7.4,1009.0
2024-08-14,26.4,23.0,31.0,0.0,66.0,7.1,1008.1
2024-08-15,24.9,21.6,28.8,6.3,165.0,6.0,1007.4
2024-08-16,24.2,20.7,30.4,20.8,269.0,5.9,1006.9
2024-08-17,24.3,19.8,28.6,3.2,190.0,5.3,1007.7
2024-08-18,24.1,19.6,28.9,0.3,254.0,4.9,1008.4
2024-08-19,23.9,20.5,29.8,31.8,236.0,5.1,1008.0
2024-08-20,23.9,20.0,28.7,8.6,251.0,5.4,1008.0
2024-08-21,23.5,20.4,27.8,1.8,207.0,11.3,1009.3
2024-08-22,23.5,20.1,27.6,4.5,232.0,15.1,1010.5
2024-08-23,23.9,19.3,28.4,0.0,232.0,13.0,1011.3
2024-08-24,23.2,19.6,28.0,2.5,239.0,17.3,1011.9
2024-08-25,22.9,19.9,26.4,0.1,249.0,18.6,1011.3
2024-08-26,23.2,19.2,27.8,0.0,250.0,18.4,1010.6
2024-08-27,23.1,19.7,27.4,0.5,258.0,15.3,1011.9
2024-08-28,22.6,19.866666666666667,26.95,0.25,259.0,15.322222222222223,1011.6333333333333
2024-08-29,22.1,20.03333333333333,26.5,0.0,260.0,15.344444444444445,1011.3666666666667
2024-08-30,22.5,20.2,26.0,26.9,261.0,15.366666666666667,1011.1
2024-08-31,22.9,20.0,27.0,7.1,262.0,15.38888888888889,1010.8333333333334
2024-09-01,23.9,20.8,27.433333333333334,0.0,263.0,15.411111111111111,1010.5666666666666
2024-09-02,23.85,21.0,27.866666666666667,0.0,264.0,15.433333333333334,1010.3
2024-09-03,23.8,21.2,28.3,0.0,265.0,15.455555555555556,1010.0333333333333
2024-09-04,23.9,20.8,28.0,0.0,266.0,15.477777777777778,1009.7666666666667
2024-09-05,23.6,19.9,28.4,0.5,267.0,15.5,1009.5
2024-09-06,23.4,20.1,27.9,1.4,273.0,14.6,1009.8
2024-09-07,22.6,19.5,28.0,4.2,263.0,15.2,1010.9
2024-09-08,22.8,20.1,27.4,1.1,253.0,16.9,1011.1
2024-09-09,23.1,19.7,28.8,3.5,253.0,16.7,1009.1
2024-09-10,23.4,20.8,29.6,0.0,248.0,17.7,1008.7
2024-09-11,23.8,20.2,29.3,2.0,254.0,16.1,1010.0
2024-09-12,24.4,20.5,29.2,0.0,267.0,13.8,1011.2
2024-09-13,24.4,20.4,29.1,0.0,268.0,13.4,1010.9
2024-09-14,23.8,18.8,29.2,1.5,266.0,11.9,1010.5
2024-09-15,23.7,18.6,28.4,0.3,271.0,12.7,1010.5
2024-09-16,23.5,17.5,28.8,0.8,281.0,13.5,1011.0
2024-09-17,23.9,18.6,30.0,0.3,277.0,13.9,1010.3
2024-09-18,23.5,17.5,30.0,0.0,287.0,10.2,1009.3
2024-09-19,23.7,17.6,30.2,0.7,270.0,10.1,1009.4
2024-09-20,25.6,20.8,31.1,2.0,268.0,10.5,1009.6
2024-09-21,24.6,19.3,31.6,0.0,275.0,12.2,1009.8
2024-09-22,24.0,20.1,31.1,2.0,286.0,11.7,1008.9
2024-09-23,24.2,21.2,28.5,0.5,269.0,12.4,1008.2
2024-09-24,24.3,21.6,29.3,2.3,257.0,14.9,1007.8
2024-09-25,23.8,21.5,28.7,0.0,259.0,15.2,1007.8
2024-09-26,23.7,19.7,28.7,0.3,251.0,13.2,1008.4
2024-09-27,23.7,19.5,28.7,0.1,260.0,10.5,1010.6
2024-09-28,23.6,19.4,28.7,7.8,277.0,5.9,1011.6
2024-09-29,25.6,20.5,30.0,15.0,122.0,8.3,1012.3
2024-09-30,26.1,22.0,30.8,0.0,141.0,7.9,1011.7
2024-10-01,25.5,19.9,31.4,0.3,142.0,6.9,1010.5
2024-10-02,24.8,20.5,32.0,2.3,233.0,8.3,1011.5
2024-10-03,22.8,19.8,32.8,21.1,279.0,10.2,1011.8
2024-10-04,24.3,21.2,29.0,7.9,284.0,8.5,1011.6
2024-10-05,23.1,20.2,29.4,0.0,292.0,6.9,1012.1
2024-10-06,24.3,20.4,28.5,24.9,111.0,5.1,1011.4
2024-10-07,24.5,21.8,29.4,0.0,92.0,9.0,1012.4
2024-10-08,25.1,21.5,29.4,0.5,128.0,7.9,1012.5
2024-10-09,25.3,21.4,29.6,0.0,129.0,9.6,1011.0
2024-10-10,25.0,21.6,29.3,0.0,148.0,8.1,1009.9
2024-10-11,24.6,21.2,28.8,3.0,127.0,8.3,1009.9
2024-10-12,24.1,20.9,29.0,0.3,118.0,9.4,1010.9
2024-10-13,23.7,21.2,29.1,4.1,100.0,9.5,1011.1
2024-10-14,22.1,19.5,27.4,3.3,8.0,5.8,1011.4
2024-10-15,20.7,19.7,25.4,16.0,21.0,6.6,1010.9
2024-10-16,21.1,19.6,21.9,66.0,308.0,5.7,1010.4
2024-10-17,23.2,19.4,27.0,5.3,247.0,7.8,1009.9
2024-10-18,24.3,20.2,28.2,0.0,268.0,7.3,1011.0
2024-10-19,22.4,21.4,28.4,0.8,314.0,5.3,1012.4
2024-10-20,23.8,20.9,28.0,20.3,65.0,5.5,1013.2
2024-10-21,23.5,20.7,29.2,62.0,103.0,5.5,1013.3
2024-10-22,23.5,19.8,28.4,17.0,77.0,5.0,1013.5
2024-10-23,23.2,20.6,29.0,23.6,31.0,4.6,1012.6
2024-10-24,22.5,19.9,30.0,14.0,292.0,4.4,1012.4
2024-10-25,23.8,20.5,27.6,0.0,339.0,5.4,1012.2
2024-10-26,22.2,17.1,27.0,0.0,339.0,7.3,1011.9
2024-10-27,21.6,15.8,26.8,0.0,315.0,7.0,1011.2
2024-10-28,22.8,16.6,29.4,0.0,259.0,6.1,1010.3
2024-10-29,23.3,17.6,28.2,0.3,297.0,6.3,1011.4
2024-10-30,23.0,18.1,27.1,0.8,101.0,4.2,1012.2
2024-10-31,23.9,21.1,27.6,3.8,60.0,4.4,1013.0
2024-11-01,24.3,21.3,28.6,0.0,97.0,5.2,1014.2
2024-11-02,24.9,21.0,29.7,0.3,85.0,7.7,1014.5
2024-11-03,24.8,20.4,29.4,1.0,80.0,14.0,1014.3
2024-11-04,23.6,20.9,29.2,0.0,91.0,8.9,1013.5
2024-11-05,23.2,19.3,29.3,0.8,57.0,8.5,1013.7
2024-11-06,24.3,18.6,28.7,0.0,44.0,8.4,1013.9
2024-11-07,23.0,18.7,26.9,1.6,57.0,9.4,1013.7
2024-11-08,23.5,18.0,29.6,0.0,71.0,10.0,1013.5
2024-11-09,23.0,17.8,28.6,0.0,64.0,9.6,1013.7
2024-11-10,22.8,17.3,28.6,0.0,53.0,8.8,1013.8
2024-11-11,22.8,17.2,28.0,0.0,41.0,8.5,1012.6
2024-11-12,22.6,19.1,27.3,1.8,34.0,9.4,1012.0
2024-11-13,23.5,20.6,26.0,0.8,62.0,10.7,1011.4
2024-11-14,22.3,21.2,27.4,0.0,75.0,9.7,1012.9
2024-11-15,22.5,20.4,26.8,4.1,67.0,8.7,1013.6
2024-11-16,23.3,20.4,28.8,10.9,74.0,10.2,1013.2
2024-11-17,23.8,20.3,27.8,3.0,69.0,10.4,1012.7
2024-11-18,22.2,19.0,26.7,0.1,79.0,12.8,1013.5
2024-11-19,21.9,18.4,26.7,0.0,67.0,12.2,1014.2
2024-11-20,21.6,17.0,27.5,0.0,91.0,10.7,1013.7
2024-11-21,21.3,17.0,27.0,0.0,77.0,9.9,1013.7
2024-11-22,22.0,16.4,28.6,0.0,69.0,8.1,1013.4
2024-11-23,22.3,16.2,28.1,0.0,64.0,7.1,1014.0
2024-11-24,22.8,17.4,28.6,0.0,61.0,7.5,1013.8
2024-11-25,22.0,16.8,27.2,0.0,51.0,8.6,1013.2
2024-11-26,21.1,17.8,25.5,2.1,47.0,11.7,1012.5
2024-11-27,21.2,18.1,24.4,0.5,38.0,12.5,1011.3
2024-11-28,21.8,17.3,26.8,0.0,24.0,10.9,1011.0
2024-11-29,21.6,18.4,27.2,0.0,23.0,12.1,1010.8
2024-11-30,21.2,19.1,22.9,0.7,349.0,14.0,1009.2
2024-12-01,21.2,19.7,24.3,14.2,345.0,20.1,1007.3
2024-12-02,21.3,19.9,22.4,18.8,48.0,13.5,1007.4
2024-12-03,22.1,20.3,26.7,39.9,116.0,10.5,1010.9
2024-12-04,23.0,19.2,25.6,21.1,95.0,9.1,1012.9
2024-12-05,23.2,20.2,27.4,2.5,86.0,8.1,1013.3
2024-12-06,24.3,20.3,28.6,2.0,105.0,6.9,1013.5
2024-12-07,24.2,20.2,28.7,0.0,106.0,8.0,1013.0
2024-12-08,22.6,18.9,29.6,0.0,128.0,7.5,1012.9
2024-12-09,22.2,17.8,28.0,0.0,108.0,6.7,1012.8
2024-12-10,21.8,18.5,27.3,0.0,99.75,7.775,1012.875
2024-12-11,21.4,19.2,26.599999999999998,0.0,91.5,8.85,1012.95
2024-12-12,21.0,19.9,25.9,0.0,83.25,9.925,1013.025
2024-12-13,21.3,19.8,24.0,5.1,75.0,11.0,1013.1
2024-12-14,21.9,18.8,26.0,0.5,71.0,10.4,1014.5
2024-12-15,21.2,16.6,26.6,0.0,69.0,9.0,1015.7
2024-12-16,19.9,14.8,27.0,0.0,60.0,7.9,1014.6
2024-12-17,20.7,14.2,27.8,0.0,46.0,7.2,1013.0
2024-12-18,21.9,17.0,26.6,0.2,32.0,8.9,1012.1
2024-12-19,23.6,19.4,26.3,0.0,37.0,8.5,1011.7
2024-12-20,22.9,18.4,27.4,0.0,353.0,7.1,1011.5
2024-12-21,23.2,18.1,29.2,0.0,11.0,4.9,1011.8
2024-12-22,22.9,17.5,27.6,0.0,74.0,5.2,1012.5
2024-12-23,22.5,18.4,26.7,0.0,98.0,5.7,1012.8
2024-12-24,22.2,17.1,27.9,0.0,59.0,5.1,1012.6
2024-12-25,22.1,16.7,27.7,0.0,26.0,6.4,1013.9
2024-12-26,21.6,18.4,25.1,3.9,55.0,11.6,1015.6
2024-12-27,21.2,19.1,24.8,2.2,92.0,12.3,1016.9
2024-12-28,21.3,17.5,26.2,0.0,92.0,10.5,1016.7
2024-12-29,21.4,16.3,27.4,0.0,76.0,9.4,1016.4
2024-12-30,21.2,16.5,25.6,0.0,63.0,11.0,1016.4
2024-12-31,21.7,16.4,28.6,0.0,76.0,11.4,1016.4
2025-01-01,21.0,15.3,26.6,0.0,77.0,10.1,1015.5
2025-01-02,20.8,16.1,27.2,0.0,80.0,9.9,1015.3
2025-01-03,20.5,16.3,27.0,0.0,77.0,10.1,1015.6
2025-01-04,19.5,13.3,26.6,0.0,90.0,8.7,1014.6
2025-01-05,20.1,14.2,26.6,0.0,97.0,8.2,1014.9
2025-01-06,20.5,15.8,27.2,0.0,104.0,7.6,1014.5
2025-01-07,20.9,15.0,26.6,0.0,78.0,7.1,1014.0
2025-01-08,21.1,16.1,28.0,0.0,74.0,9.3,1014.0
2025-01-09,19.8,14.1,25.6,0.0,92.0,12.0,1015.1
2025-01-10,20.6,15.5,26.4,0.0,102.0,11.6,1016.1
2025-01-11,21.3,17.7,26.2,0.0,94.0,10.6,1015.8
2025-01-12,21.6,16.4,28.6,0.0,86.0,10.4,1015.6
2025-01-13,22.0,18.6,27.4,2.0,76.0,11.0,1014.1
2025-01-14,22.0,19.2,26.6,0.2,91.0,12.2,1015.2
2025-01-15,20.6,16.7,24.9,0.0,85.0,12.4,1016.4
2025-01-16,21.4,16.8,26.3,0.0,92.0,11.9,1015.9
2025-01-17,20.7,16.0,26.5,0.0,85.0,11.2,1014.9
2025-01-18,21.1,15.6,26.9,0.0,83.0,10.9,1014.1
2025-01-19,19.8,18.2,27.4,3.0,59.0,10.8,1014.6
2025-01-20,22.0,18.0,27.4,2.0,58.0,7.9,1013.8
2025-01-21,21.1,15.2,28.4,0.0,63.0,8.1,1013.2
2025-01-22,21.4,14.9,28.2,0.0,83.0,8.5,1012.9
2025-01-23,22.5,16.6,29.4,0.0,93.0,9.5,1013.0
2025-01-24,21.2,16.3,27.6,0.0,97.0,8.8,1013.0
2025-01-25,21.2,14.3,29.2,0.0,84.0,9.2,1013.6
2025-01-26,22.0,15.1,29.8,0.0,86.0,10.4,1013.4
2025-01-27,21.4,13.8,29.0,0.0,79.0,8.0,1012.9
2025-01-28,21.4,14.9,29.0,0.0,85.0,7.7,1013.4
2025-01-29,21.7,14.6,30.4,0.0,84.0,9.7,1014.5
2025-01-30,22.4,15.4,29.7,0.0,108.0,7.1,1013.2
2025-01-31,24.1,18.3,30.6,0.0,106.0,7.9,1012.4
2025-02-01,24.2,19.0,30.4,0.0,79.0,8.2,1013.3
2025-02-02,23.7,17.1,31.8,0.0,81.0,8.2,1013.7
2025-02-03,23.3,16.1,31.0,0.0,87.0,8.1,1013.8
2025-02-04,23.5,16.2,31.0,0.0,83.0,9.0,1014.0
2025-02-05,23.7,17.7,30.8,0.0,101.0,10.5,1013.3
2025-02-06,23.3,17.0,30.2,0.0,93.0,9.9,1013.1
2025-02-07,23.3,16.5,30.4,0.0,91.0,9.4,1014.5
2025-02-08,23.4,17.0,30.0,0.0,90.0,10.0,1014.4
2025-02-09,23.5,17.7,29.2,0.0,85.0,9.8,1014.0
2025-02-10,22.6,16.4,29.0,0.0,91.0,9.4,1015.2
2025-02-11,23.2,15.9,30.4,0.0,91.0,8.8,1015.3
2025-02-12,24.0,15.5,32.0,0.0,84.0,8.9,1014.7
2025-02-13,24.3,17.1,31.4,0.0,89.0,8.4,1014.2
2025-02-14,25.1,18.1,32.2,0.0,89.0,7.7,1013.8
2025-02-15,25.0,18.8,32.0,0.0,90.0,7.6,1013.0
2025-02-16,24.9,18.3,32.0,0.0,89.0,8.5,1013.6
2025-02-17,24.5,17.8,31.4,0.0,97.0,9.2,1014.9
2025-02-18,24.7,17.9,31.8,0.0,91.0,8.5,1014.8
2025-02-19,25.8,18.4,33.2,0.0,92.0,8.4,1013.0
2025-02-20,25.5,19.1,32.0,0.0,105.0,9.5,1013.6
2025-02-21,25.2,17.8,32.4,0.0,94.0,9.3,1015.0
2025-02-22,25.4,17.9,32.2,0.0,80.0,9.7,1015.6
2025-02-23,25.5,19.3,31.5,0.0,79.0,10.8,1015.6
2025-02-24,24.6,18.5,31.0,0.0,88.0,12.1,1015.7
2025-02-25,23.9,16.8,31.0,0.0,84.0,12.3,1017.0
2025-02-26,24.3,18.2,31.0,0.0,87.0,14.0,1016.7
2025-02-27,24.3,17.6,31.0,0.0,85.0,13.0,1015.2
2025-02-28,24.1,17.1,31.4,0.0,85.0,12.1,1014.1
2025-03-01,24.8,18.5,31.3,0.0,94.0,11.7,1013.3
2025-03-02,25.3,19.1,31.7,0.0,97.0,9.4,1012.1
2025-03-03,26.5,20.1,32.9,0.0,89.0,8.7,1012.5
2025-03-04,26.8,20.7,32.4,0.0,87.0,10.3,1012.3
2025-03-05,27.1,21.0,33.2,0.0,94.0,8.3,1012.0
2025-03-06,27.1,21.4,33.0,0.0,75.0,7.7,1012.9
2025-03-07,26.3,19.4,33.8,0.0,74.0,7.1,1011.6
2025-03-08,26.3,18.8,33.3,0.0,102.0,7.6,1010.5
2025-03-09,26.2,19.3,33.6,0.0,89.0,10.9,1011.4
2025-03-10,24.4,17.1,31.2,0.0,88.0,12.5,1013.8
2025-03-11,23.5,17.2,31.2,1.3,88.0,12.8,1014.4
2025-03-12,26.2,20.8,31.9,0.0,98.0,11.1,1013.0
2025-03-13,26.2,18.3,33.8,0.0,103.0,8.2,1012.0
2025-03-14,27.5,20.3,34.8,0.0,107.0,8.5,1011.8
2025-03-15,27.1,20.3125,34.525,4.25,112.375,8.5875,1012.1999999999999
2025-03-16,26.7,20.325,34.25,8.5,117.75,8.675,1012.5999999999999
2025-03-17,26.3,20.3375,33.975,12.75,123.125,8.7625,1013.0
2025-03-18,25.9,20.35,33.7,17.0,128.5,8.85,1013.4
2025-03-19,25.5,20.3625,33.425,21.25,133.875,8.9375,1013.8
2025-03-20,25.1,20.375,33.15,25.5,139.25,9.024999999999999,1014.2
2025-03-21,24.7,20.3875,32.875,29.75,144.625,9.112499999999999,1014.6
2025-03-22,24.3,20.4,32.6,34.0,150.0,9.2,1015.0
2025-03-23,25.3,19.5,33.4,11.7,127.0,8.0,1015.1
2025-03-24,26.7,22.8,31.4,0.0,104.0,7.7,1014.0
2025-03-25,25.9,20.0,32.2,0.0,113.0,7.1,1011.6
2025-03-26,26.7,19.8,33.4,0.0,117.0,7.7,1010.1
2025-03-27,27.3,21.0,33.5,0.0,340.0,6.5,1009.9
2025-03-28,27.8,21.3,34.4,0.0,132.0,9.3,1009.5
2025-03-29,28.1,21.8,34.4,0.0,121.0,8.8,1009.5
2025-03-30,27.8,21.6,34.1,0.0,124.0,10.0,1010.5
2025-03-31,27.6,21.4,33.7,0.0,109.0,9.0,1010.4
2025-04-01,26.1,19.5,32.5,0.0,107.0,9.6,1010.0
2025-04-02,26.1,20.2,32.2,0.2,128.0,9.8,1011.0
2025-04-03,23.9,19.4,29.3,15.4,117.0,7.6,1013.6
2025-04-04,24.6,19.5,32.0,7.0,33.0,6.7,1013.5
2025-04-05,27.2,21.5,32.9,0.0,136.0,5.9,1012.4
2025-04-06,27.3,23.4,33.2,0.0,96.0,6.8,1011.2
2025-04-07,27.6,22.9,34.5,0.0,102.0,8.0,1011.1
2025-04-08,27.3,20.0,34.3,0.0,98.0,11.4,1011.8
2025-04-09,26.9,20.0,33.2,0.0,65.0,9.5,1011.2
2025-04-10,26.7,20.6,33.0,0.0,281.0,10.9,1009.7
2025-04-11,26.2,20.5,32.9,0.0,274.0,11.2,1009.6
2025-04-12,26.3,21.0,33.3,0.8,287.0,9.9,1010.7
2025-04-13,26.8,20.3,33.7,4.1,27.0,8.2,1011.0
2025-04-14,24.4,20.9,33.6,0.0,114.0,9.3,1010.5
2025-04-15,26.6,21.0,34.1,6.1,139.0,7.4,1010.6
2025-04-16,24.2,20.5,34.0,5.8,187.0,8.4,1011.0
2025-04-17,26.9,20.4,32.8,8.9,178.71428571428572,8.614285714285714,1010.9285714285714
2025-04-18,26.2,23.6,32.5,0.0,170.42857142857142,8.82857142857143,1010.8571428571429
2025-04-19,27.0,22.4,32.2,0.5,162.14285714285714,9.042857142857143,1010.7857142857143
2025-04-20,26.0,21.599999999999998,32.8,0.0,153.85714285714286,9.257142857142858,1010.7142857142857
2025-04-21,27.2,20.8,33.4,0.0,145.57142857142856,9.471428571428572,1010.6428571428571
2025-04-22,28.3,21.5,33.4,0.0,137.28571428571428,9.685714285714287,1010.5714285714286
2025-04-23,28.5,21.5,34.6,0.0,129.0,9.9,1010.5
2025-04-24,28.8,21.4,35.6,0.0,132.0,10.3,1009.4
2025-04-25,28.4,21.8,34.7,0.0,137.0,10.6,1009.7
2025-04-26,28.2,21.9,33.8,0.0,121.0,10.3,1009.7
2025-04-27,27.7,21.8,33.8,0.0,119.0,10.9,1010.4
2025-04-28,27.3,21.7,32.6,0.0,123.0,9.9,1009.7
2025-04-29,27.9,21.9,33.9,0.0,120.0,10.7,1009.0
2025-04-30,28.3,22.2,34.0,1.0,123.0,8.9,1009.7
2025-05-01,28.5,22.4,34.7,0.2,242.0,8.8,1010.2
2025-05-02,29.81,29.81,29.81,0.0,263.0,2.43,1012.0
